record_id,产品品名,产地（国家）,产地（市）,产地（省）,单混,品名,品类一级,品类二级,商品链接,序号,序号1,序号2,序号3,标签照片,正常售价,正面图片,规格,采集平台,采集时间,优惠到手价,口味,委托方,生产商,背面图片,外包装图片,箱规,赠品图片,备注
reccAAZZoJ,optzhBMgNg,中国,高邮,江苏,单,熟咸鸭蛋(FP),肉蛋水产,蛋类,#小程序://大润发优鲜/DCci7pjmnN54V4m,DRF-0001A,DRF,0001,A,企业微信截图_17520227509520.png,1.5,image.png,50g(1枚)/袋,大润发,1752156078000,,,,,,,,,
rectq2ENo8,optazq72vf,中国,苏州,江苏,单,卡士007益生菌酸奶,乳品烘焙,酸奶/乳酸菌,,HM-0001A,HM,0001,A,HM-0001A-3.jpg,12.8,HM-0001A-1.jpg,440g,盒马APP,1752156078000,10.24,柠檬甜橙味,卡士乳业（深圳）有限公司,卡士酸奶（苏州）有限公司,HM-0001A-2.jpg,,,,
recuQliFMyB112,optazq72vf,中国,苏州,江苏,单,卡士007益生菌酸奶,乳品烘焙,酸奶/乳酸菌,,HM-0001B,HM,0001,B,HM-0001B-3.jpg,12.8,HM-0001B-1.jpg,440g,盒马APP,1752156078000,10.24,原味,卡士乳业（深圳）有限公司,卡士酸奶（苏州）有限公司,HM-0001B-2.jpg,,,,
rec7tDisnM,opt3PT3v67,中国,湖州,浙江,单,100%番茄复合果蔬汁,酒水饮料,酒水饮料,,PDL-0001A,PDL,0001,A,微信图片_2025-07-08_155807_763.png,75,微信图片_2025-07-08_155708_267.png,1L,胖东来,1752156078000,,番茄味,许昌市胖东来超市有限公司,乐源健康科技有限公司,,微信图片_2025-07-08_155708_267.png,6瓶/箱,,
recHfjaZVt,optWbaKsYG,中国,湖州,浙江,单,100%橙汁,酒水饮料,酒水饮料,,PDL-0001D,PDL,0001,D,微信图片_2025-07-08_161405_163.png,87,微信图片_2025-07-08_161359_821.png,1L,胖东来,1752156078000,,橙子味,许昌市胖东来超市有限公司,乐源健康科技有限公司,,微信图片_2025-07-08_161355_499.png,6瓶/箱,,
reck4P1wuD,opt1qHI2L3,中国,南京,江苏,单,100%芒果复合果汁,酒水饮料,酒水饮料,,PDL-0001B,PDL,0001,B,微信图片_2025-07-08_160507_066.png,78,微信图片_2025-07-08_160459_911.png,1L,胖东来,1752156078000,,芒果味,许昌市胖东来超市有限公司,江苏统一企业有限公司,,微信图片_2025-07-08_160445_890.png,6瓶/箱,,
recJzvD22F,optuGLWSuY,中国,南京,江苏,单,100%葡萄复合果汁,酒水饮料,酒水饮料,,PDL-0001C,PDL,0001,C,微信图片_2025-07-08_161210_660.png,87,微信图片_2025-07-08_161206_143.png,1L,胖东来,1752156078000,,葡萄味,许昌市胖东来超市有限公司,江苏统一企业有限公司,,,6瓶/箱,,
recs6Ss5Nt,opt1t1VhXZ,中国,佛山,广东,单,盐焗味开心果,休闲食品,休闲食品,,PDL-0002A,PDL,0002,A,微信图片_2025-07-08_162059_778.jpg,79,微信图片_2025-07-08_162051_515.png,600g,胖东来,1752156078000,,盐焗味,许昌市胖东来超市有限公司,广东南兴天虹果仁制品有限公司,,,,,
recsJ5rkcN,optpb5FL8U,中国,绍兴,浙江,单,原味腰果仁,休闲食品,休闲食品,,PDL-0002B,PDL,0002,B,微信图片_2025-07-08_162645_516.png,159,微信图片_2025-07-08_162638_347.jpg,1.25kg,胖东来,1752156078000,,原味,许昌市胖东来超市有限公司,浙江佰宜农业科技有限公司,,,,,
recXSrclkb,optcGqFQRI,中国,佛山,广东,单,原味开心果,休闲食品,休闲食品,,PDL-0002C,PDL,0002,C,微信图片_2025-07-08_162952_444.jpg,79,微信图片_2025-07-08_162944_563.png,600g,胖东来,1752156078000,,原味,许昌市胖东来超市有限公司,广东南兴天虹果仁制品有限公司,,,,,
recdg7dqNy,optIRasF3C,中国,绍兴,浙江,单,香脆碧根果仁,休闲零食,坚果炒货,666復至£86lG4ZuFP7Z£去>盒碼<查看【79.9元 盒马MAX 香脆碧根果仁 500g】,HM-0002A,HM,0002,A,ed80b60e-0d38-4cde-928f-e008de80fab7.jpg,79.9,6e90835f-9e2b-46f0-8e44-3c1590ed7013.jpg,500g,盒马APP,1752156078000,,原味,上海盒马物联网有限公司,浙江佰宜农业科技有限公司,494f4d7f-4691-4a2c-906b-4120090582c4.jpg,,,,
recSIMFoD4,optPtXXvOA,中国,高邮,江苏,单,松花皮蛋,肉蛋水产,蛋类,#小程序://大润发优鲜/bOGqm1bGNg6Fu3E,DRF-0002A,DRF,0002,A,image.png,1.5,image.png,55g/袋,大润发,1752156078000,,,,,,,,,
recYQk5G2F,optJhC0rpt,中国,青岛,山东,混,多口味燕麦脆礼盒,休闲食品,休闲食品,,PDL-,PDL,,,微信图片_2025-07-09_092042_534.jpg,119,微信图片_2025-07-09_092036_415.jpg,1.92kg,胖东来,1752156078000,,坚果*2+草莓水果*2+酸奶水果*2,许昌市胖东来超市有限公司,青岛三昌食品科技有限公司,,,6袋/箱,,
recRMRfFnM,optvPCCsgh,中国,泉州,福建,单,爱尚咪咪虾味膨胀食品,休闲食品,薯片膨化,https://chaoshi.detail.tmall.com/item.htm?id=538402184082&pisk=gPwErG4Sb9BFjOeFrcDy7xs0evHKKvbf-8gSquqoA20nF6LyUu0aNM3IP5yr7ojKR_CLz5zuWXgHdvTu7zas-JgIK4-zPPpQPWZnrLz7VJa7x2goZVqudzrRv00urzu7O16bvkH-EZTPhtZdcPFLpyunECjo4DAhfXA6vYjKEZ_fUCti9wMuPX_DsCAiDVmHKXclbVmj0YYoqz0ismmX-YDurGuiAmvnrD0lIfmSSBvHE4qis0iHE4voZGriW0LnEYcPKkqkQmGh2sYdK95D5bu0xVJk3nnEt3ZMNLJPBclnofDHEfwZYXu0x-7a8rigCRlj13_sIoF_-ckVLEnUsokn48IDa4lzpAuautv-XW4UIby12tqIL0lmEf-kElrn5f2nntYZX5qQZJUe4LmLd-GrkfSkebMghjV083IYjvmuyje5kp33qoeYGxWekDPg0ASruUngB5y8TUArtcnZlGSNVkJL6ViraJAJwfDxbqsIAQd-tcnZlGSwwQhiDcufAD1..&rdcAreaId=310115104&rdcTimeEffectiveTagType=halfday&searchWord=%25E4%25BC%2591%25E9%2597%25B2%25E9%259B%25B6%25E9%25A3%259F&skuId=4874255241082&smCaptainPrice=940&smPriceChannel=supermarketSearch&smSourceChannel=supermarketSearch&sourceFrom=supermarket-search&spm=a3204.30010050.item-feeds.d_1_0.23505885ru0mO9,MC-0001A,MC,0001,A,,9.9,咪咪正图.png,18g*20包,猫超,1752156078000,9.4,虾味,泉州爱尚食品有限公司,泉州爱尚食品有限公司,咪咪反图.png,,,,
recvG1B30k,optYf9ythE,中国,泰安,山东,单,香巴佬卤鸡蛋,肉蛋水产,蛋类,#小程序://大润发优鲜/o6eDoP2Mfl6TvRo,DRF-0003A,DRF,0003,A,image.png,2,image.png,30g/袋,大润发,1752156078000,1.65,原味,温州市香巴佬食品有限公司,山东鲁师傅食品有限公司,image.png,,,,
rec0YwvtNO,optWt8KknH,中国,青岛,山东,单,草莓水果燕麦脆,休闲食品,休闲食品,,PDL-0003A,PDL,0003,A,,21,微信图片_2025-07-09_092529_014.jpg,320g,胖东来,1752156078000,,草莓水果味,许昌市胖东来超市有限公司,青岛三昌食品科技有限公司,微信图片_2025-07-09_092555_231.jpg,,,,
rec07zrMTR,opt72DQbRO,中国,泰安,山东,单,香巴佬蜜汁鸡蛋,肉蛋水产,蛋类,#小程序://大润发优鲜/qJ2P79GrcjSpMDn,DRF-0004A,DRF,0004,A,image.png,2,image.png,30g/袋,大润发,1752156078000,,蜜汁味,温州市香巴佬食品有限公司,山东鲁师傅食品有限公司,image.png,,,,
recOe2LdPS,optsUDjOkK,中国,青岛,山东,单,每日坚果燕麦脆,休闲食品,休闲食品,,PDL-0003B,PDL,0003,B,,16.8,微信图片_2025-07-09_092925_974.jpg,320g,胖东来,1752156078000,,坚果味,许昌市胖东来超市有限公司,青岛三昌食品科技有限公司,微信图片_2025-07-09_092940_880.jpg,,,,
recScO4NfJ,optMUTdJlM,中国,青岛,山东,单,酸奶水果燕麦脆,休闲食品,休闲食品,,PDL-0003C,PDL,0003,C,,20.5,微信图片_2025-07-09_093249_414.jpg,320g,胖东来,1752156078000,,酸奶味,许昌市胖东来超市有限公司,青岛三昌食品科技有限公司,微信图片_2025-07-09_093257_822.jpg,,,,
recqwTBJWi,optmuPBTGa,中国,许昌,河南,单,果仁列巴,休闲食品,休闲食品,,PDL-0004A,PDL,0004,A,微信图片_2025-07-09_093537_846.png,39.8,微信图片_2025-07-09_093529_573.png,800g,胖东来,1752156078000,,原味,许昌市胖东来超市有限公司,许昌市胖东来实业有限公司,,,,,
recpzeK7bM,optkySJQxM,中国,无锡,江苏,单,文得福糯米锅巴,熟食面点,油炸&点心,#小程序://大润发优鲜/TA1UnyGVcIdw5NJ,DRF-0005A,DRF,0005,A,image.png,18.9,image.png,350g/盒,大润发,1752156078000,15.8,蛋黄味,,,,,,,
recDEmzvKG,optEb4qnDr,中国,宁德,福建,单,盛耳银耳椰香薏米啵啵粥,方便速食,速食汤粥,https://chaoshi.detail.tmall.com/item.htm?id=807808466280&pisk=gRzrrkwIgaQzWJUPKj0e3VG9NX3-v4X1EyMItWVnNYDoRgpe8WD4A_HSdozE35f-FMI8Loy3H0MkP4933JwjEzMSrvRUd-L7duNoKeyQOzwQZYMnxxV3PJPdwXD3KJkQVi__w73K-O9F5NN-EJiRTJooqEA0MfvkqiilqQFCZO615wSki2WPCJN7HfTm_f0nZYmomslnsb0nq0ccgXcBEHYuKSfqHbvHZ3DknIcKT2vn-UA0ibhMxHmH-Sfq9xDn-2cyU7VHufil9GARgb5BuxHgZx8H7Chrq1PHAF8N5bmoImDk-maqa0kgZPW4URG0lroscB6jo5EbEjuNzdhzm5uoTyCMYvoUyqk4QNYKMu2zoDzf9NVSzXoi-mRH-SPohm4oSNvqMoV7xzeyTec8PPiEBm5HJDg05cqgUBCTi4c3pcUCBUHut5UTfV7yBbr0_qSPuph0kozL4pxEqjhqCs5VO788DxGEYzxpvm0tgA1SNHKKqjhqCs52vHnm6jk1Nb1..&rdcAreaId=310115104&rdcTimeEffectiveTagType=halfday&searchWord=%25E9%2580%259F%25E9%25A3%259F%25E6%25B1%25A4%25E7%25B2%25A5&skuId=5491677081031&smCaptainPrice=750&smPriceChannel=supermarketSearch&smSourceChannel=supermarketSearch&sourceFrom=supermarket-search&spm=a3204.30010050.item-feeds.d_1_3.ceac5885P1oQqu,MC-0002A,MC,0002,A,椰香薏米啵啵粥标签.png,9.9,image.png,156g,猫超,1752156078000,7.5,椰香薏米味,福建盛耳食品有限公司,福建盛好生物科技有限公司,椰香薏米啵啵粥侧图.png,,,,
recDh6bSFI,optdzVa5pS,中国,漳州,福建,单,银鲈鱼干,休闲食品,休闲食品,,PDL-0005B,PDL,0005,B,微信图片_2025-07-09_093929_502.jpg,9.9,微信图片_2025-07-09_093919_750.jpg,40g,胖东来,1752156078000,,原味,许昌市胖东来超市有限公司,福建嘉荣食品有限公司,微信图片_2025-07-09_093924_943.jpg,,,,
recWAz2u2H,optz2HngQN,中国,漳州,福建,单,鳕鱼干,休闲食品,休闲食品,,PDL-,PDL,,,微信图片_2025-07-09_095333_790.jpg,9.9,微信图片_2025-07-09_095324_726.jpg,40g,胖东来,1752156078000,,原味,许昌市胖东来超市有限公司,福建嘉荣食品有限公司,微信图片_2025-07-09_095328_614.jpg,,,,
recdWrGlHP,optYiEdW5X,中国,许昌,河南,单,香辣牛肉条,休闲食品,休闲食品,,PDL-0006A,PDL,0006,A,微信图片_2025-07-09_095544_229.png,30.6,微信图片_2025-07-09_095538_646.png,150g,胖东来,1752156078000,,香辣味,许昌市胖东来超市有限公司,许昌市胖东来实业有限公司,,,,,
rec9NEnm3Z,optIDJOjD0,中国,许昌,河南,混,芋泥麻薯酥饼红豆蛋黄酥饼组合,休闲食品,休闲食品,,PDL-,PDL,,,微信图片_2025-07-09_095950_510.png,66,微信图片_2025-07-09_095933_893.png,490g,胖东来,1752156078000,,芋泥味*1+红豆味*1,许昌市胖东来超市有限公司,许昌市胖东来实业有限公司,,,2盒/袋,,
recMF6aEEt,optyOdHDok,中国,北京,北京,单,乐事马铃薯片,休闲零食,膨化食品,#小程序://大润发优鲜/MkAwa6ZltDccLRH,DRF-0006A,DRF,0006,A,image.png,6.4,image.png,70g/袋,大润发,1752156078000,5,流沙咸蛋黄味,百事食品(中国)有限公司,百事食品(中国)有限公司北京分厂(QY),image.png,,,,
recDpw51WS,optyOdHDok,中国,武汉,湖北,单,乐事马铃薯片,休闲零食,膨化食品,#小程序://大润发优鲜/0LSTrLAnbgOmqDI,DRF-0006B,DRF,0006,B,image.png,6.4,image.png,70g/袋,大润发,1752156078000,5,清新芥香味,百事食品(中国)有限公司 ,百事食品(中国)有限公司武汉分厂（WH）,image.png,,,,
rec1nODxhc,optyOdHDok,中国,德阳,四川,单,乐事马铃薯片,休闲零食,膨化食品,#小程序://大润发优鲜/kJThf163imogneI,DRF-0006C,DRF,0006,C,image.png,6.4,image.png,70g/袋,大润发,1752156078000,5,浓郁蒜香味,百事食品(中国)有限公司 ,百事食品（四川）有限公司 （DY）,image.png,,,,
recuQpS4seM1sE,optyOdHDok,中国,北京,北京,单,乐事马铃薯片,休闲零食,膨化食品,#小程序://大润发优鲜/P0tvVlW2lG77WYE,DRF-0006D,DRF,0006,D,image.png,11.9,image.png,135g/袋,大润发,1752156078000,10.56,流沙咸蛋黄味,百事食品(中国)有限公司,百事食品(中国)有限公司北京分厂(QY)/武汉/德阳/佛山/临沂,image.png,,,,
recpTluCMC,optyOdHDok,中国,,,单,乐事马铃薯片,休闲零食,膨化食品,#小程序://大润发优鲜/29dvInlFTcetguj,DRF-0006E,DRF,0006,E,,9.9,image.png,115g/袋,大润发,1752156078000,8.56,原味,百事食品(中国)有限公司,百事食品(中国)有限公司北京分厂(QY)/武汉/德阳/佛山/临沂,image.png,,23g*5包,,
recuQq3xpZ0LH3,optyOdHDok,中国,,,单,乐事马铃薯片,休闲零食,膨化食品,#小程序://大润发优鲜/vQm2FUNaFOlE8tx,DRF-0006F,DRF,0006,F,,9.9,image.png,115g/袋,大润发,1752156078000,8.56,黄瓜味,百事食品(中国)有限公司,百事食品(中国)有限公司北京分厂(QY)/武汉/德阳/佛山/临沂,image.png,,23g*5包,,
recuQqVUzB31br,optyOdHDok,中国,,,单,乐事马铃薯片,休闲零食,膨化食品,#小程序://大润发优鲜/F2CF6AXBrdLWgOs,DRF-0006G,DRF,0006,G,image.png,10.9,image.png,175g/袋,大润发,1752156078000,,美国经典原味,百事食品(中国)有限公司,百事食品(中国)有限公司北京分厂(QY)/武汉/德阳/佛山/临沂,image.png,,,,
recuQrg3G9AUU7,optyOdHDok,中国,,,单,乐事马铃薯片,休闲零食,膨化食品,#小程序://大润发优鲜/46bSFfG0IoizLlg,DRF-0006H,DRF,0006,H,image.png,10.9,image.png,175g/袋,大润发,1752156078000,,意大利香浓红烩味,百事食品(中国)有限公司,百事食品(中国)有限公司北京分厂(QY)/武汉/德阳/佛山/临沂,image.png,,,,
recuQrhcxGUCuf,optyOdHDok,中国,,,单,乐事马铃薯片,休闲零食,膨化食品,#小程序://大润发优鲜/AADkqI0gLfXXSTi,DRF-0006I,DRF,0006,I,image.png,10.9,image.png,175g/袋,大润发,1752156078000,,黄瓜味,百事食品(中国)有限公司,百事食品(中国)有限公司北京分厂(QY)/武汉/德阳/佛山/临沂,image.png,,,,
recuQrknXzaZ0M,optyOdHDok,中国,,,单,乐事马铃薯片,休闲零食,膨化食品,#小程序://大润发优鲜/ZrrzbopvwnzwKoo,DRF-0006J,DRF,0006,J,image.png,10.9,image.png,175g/袋,大润发,1752156078000,,墨西哥鸡汁番茄味,百事食品(中国)有限公司,百事食品(中国)有限公司北京分厂(QY)/武汉/德阳/佛山/临沂,image.png,,,,
recuQrkojWG1UA,optyOdHDok,中国,,,单,乐事马铃薯片,休闲零食,膨化食品,#小程序://大润发优鲜/XP5FxCol3uHAZJJ,DRF-0006K,DRF,0006,K,image.png,10.9,image.png,175g/袋,大润发,1752156078000,,得克萨斯烧烤味,百事食品(中国)有限公司,百事食品(中国)有限公司北京分厂(QY)/武汉/德阳/佛山/临沂,image.png,,,,
recuQrkonjlTye,optyOdHDok,中国,,,单,乐事马铃薯片,休闲零食,膨化食品,#小程序://大润发优鲜/pn3TOIwiosnlkjo,DRF-0006L,DRF,0006,L,image.png,3.7,image.png,40g/袋,大润发,1752156078000,,青柠味,百事食品(中国)有限公司,百事食品(中国)有限公司北京分厂(QY)/武汉/德阳/佛山/临沂,image.png,,,,
recuQrkotzdK7h,optyOdHDok,中国,,,单,乐事马铃薯片,休闲零食,膨化食品,#小程序://大润发优鲜/BWVEvJcESrmCvEE,DRF-0006M,DRF,0006,M,image.png,3.7,image.png,40g/袋,大润发,1752156078000,,得克萨斯烧烤味,百事食品(中国)有限公司,百事食品(中国)有限公司北京分厂(QY)/武汉/德阳/佛山/临沂,image.png,,,,
recuQrkowPlBUf,optyOdHDok,中国,,,单,乐事马铃薯片,休闲零食,膨化食品,#小程序://大润发优鲜/hhZQ4MWBoB4Vs0z,DRF-0006N,DRF,0006,N,image.png,6.4,image.png,70g/袋,大润发,1752156078000,,韩式泡菜味,百事食品(中国)有限公司,百事食品(中国)有限公司北京分厂(QY)/武汉/德阳/佛山/临沂,image.png,,,,
recuQrkqvFVKjZ,optyOdHDok,中国,,,单,乐事马铃薯片,休闲零食,膨化食品,#小程序://大润发优鲜/t3RZnguSmldBgkH,DRF-0006O,DRF,0006,O,image.png,7.3,image.png,75g/袋,大润发,1752156078000,5.5,美国经典原味,百事食品(中国)有限公司,百事食品(中国)有限公司北京分厂(QY)/武汉/德阳/佛山/临沂,image.png,,,,
recuQrkqC74VPf,optyOdHDok,中国,,,单,乐事马铃薯片,休闲零食,膨化食品,#小程序://大润发优鲜/VZnBDxGd4cq5jJx,DRF-0006P,DRF,0006,P,image.png,7.3,image.png,75g/袋,大润发,1752156078000,5.5,意大利香浓红烩味,百事食品(中国)有限公司,百事食品(中国)有限公司北京分厂(QY)/武汉/德阳/佛山/临沂,image.png,,,,
recuQrkqH1UcKG,optyOdHDok,中国,,,单,乐事马铃薯片,休闲零食,膨化食品,#小程序://大润发优鲜/HUDalHcMhJYBYGG,DRF-0006Q,DRF,0006,Q,image.png,7.3,image.png,75g/袋,大润发,1752156078000,5.5,黄瓜味,百事食品(中国)有限公司,百事食品(中国)有限公司北京分厂(QY)/武汉/德阳/佛山/临沂,image.png,,,,
recuQrkqJmYjUw,optyOdHDok,中国,,,单,乐事马铃薯片,休闲零食,膨化食品,#小程序://大润发优鲜/gMofQaW12Dzgskl,DRF-0006R,DRF,0006,R,image.png,7.3,image.png,75g/袋,大润发,1752156078000,5.5,墨西哥鸡汁番茄味,百事食品(中国)有限公司,百事食品(中国)有限公司北京分厂(QY)/武汉/德阳/佛山/临沂,image.png,,,,
recuQrkqOFUZ2Q,optyOdHDok,中国,,,单,乐事马铃薯片,休闲零食,膨化食品,#小程序://大润发优鲜/qzZxtiEjMcQw5jB,DRF-0006S,DRF,0006,S,image.png,7.3,image.png,75g/袋,大润发,1752156078000,5.5,得克萨斯烧烤味,百事食品(中国)有限公司,百事食品(中国)有限公司北京分厂(QY)/武汉/德阳/佛山/临沂,image.png,,,,
recuQrkqQXuEe1,optyOdHDok,中国,,,单,乐事马铃薯片,休闲零食,膨化食品,#小程序://大润发优鲜/gwm0RA7ikHWvnpc,DRF-0006T,DRF,0006,T,image.png,7.3,image.png,75g/袋,大润发,1752156078000,5.5,青柠味,百事食品(中国)有限公司,百事食品(中国)有限公司北京分厂(QY)/武汉/德阳/佛山/临沂,image.png,,,,
recuQrkqUnqMFd,optyOdHDok,中国,,,单,乐事马铃薯片,休闲零食,膨化食品,#小程序://大润发优鲜/JupFxj6Des7J5Om,DRF-0006U,DRF,0006,U,image.png,7.3,image.png,75g/袋,大润发,1752156078000,6.3,香辣小龙虾味,百事食品(中国)有限公司,百事食品(中国)有限公司北京分厂(QY)/武汉/德阳/佛山/临沂,image.png,,,,
recuQrkqWxP9AE,optyOdHDok,中国,,,单,乐事马铃薯片,休闲零食,膨化食品,#小程序://大润发优鲜/fQsOoa7ANG4E7nu,DRF-0006V,DRF,0006,V,image.png,7.3,image.png,75g/袋,大润发,1752156078000,6.3,芥末章鱼味,百事食品(中国)有限公司,百事食品(中国)有限公司北京分厂(QY)/武汉/德阳/佛山/临沂,image.png,,,,
recuQrkr1TA24O,optyOdHDok,中国,,,单,乐事马铃薯片,休闲零食,膨化食品,#小程序://大润发优鲜/Az7uOQtwefQTIbb,DRF-0006W,DRF,0006,W,image.png,7.3,image.png,75g/袋,大润发,1752156078000,6.3,花椒小酥肉味,百事食品(中国)有限公司,百事食品(中国)有限公司北京分厂(QY)/武汉/德阳/佛山/临沂,image.png,,,,
recZEAWWB1,opt34kZpKJ,中国,宁德,福建,单,盛耳鲜炖速食元气满满五红粥,方便速食,速食汤粥,https://chaoshi.detail.tmall.com/item.htm?id=820580106391&pisk=g9rqyfNsUiI4v5EVsYmwaDMphAnx8mfCilGsIR2ihjcmfZdwbRcz5thj1zrZaJXxGNQY_zPgwqGDcmOga5NSioGjmfJa17Kb1rwmshP_CoN_njGiSb2gc5yOHAcgs5l_lasQH-ntj6ONAMwxi5gAQSuinQXiKAxcFqYWHcXxj61CbU9oksig1qwRg3YopbDDmq0GUbDKQcDmSAXrZAkpSIVijTWrHxvDnjxDE8DsZCDijxvuEAMMSnYmoTyowAmisbmTnRxrdqXO-KBr36ba5X2mahxepxucpRL6mn2snqrgUbuSPukquX0gjDc8m7wgco3RrUoTFyPaSWfWlj4EL7uQu6-4TSHgQAVVvplu0Rrrkz9pj8uZgzqmzdxiq0GZ-PPVgEh0l7uKE4vNvYNIZ-E0zOdunWGqmY05x9yoSzZxJo1k0D4Lhmagt_TjiykG4xRtEuUzXrRM7qD-UX6PUOw2DzhSQVrDWF3ovYlChxT9WqD-UX6PUFLtrvHrOtMf.&rdcAreaId=310115104&rdcTimeEffectiveTagType=halfday&searchWord=%25E9%2580%259F%25E9%25A3%259F%25E6%25B1%25A4%25E7%25B2%25A5&skuId=5529391137022&smCaptainPrice=750&smPriceChannel=supermarketSearch&smSourceChannel=supermarketSearch&sourceFrom=supermarket-search&spm=a3204.30010050.item-feeds.d_1_6.ceac5885P1oQqu,MC-0002B,MC,0002,B,image.png,12.9,image.png,156g,猫超,1752156078000,7.5,八宝粥味,福建盛耳食品有限公司,福建盛好生物科技有限公司,image.png,image.png,,,
recusdDm8K,optdvzXxa7,中国,临沂,山东,单,压榨一级花生油,粮油干调,粮油干调,,PDL-,PDL,,,微信图片_2025-07-09_100926_759.png,396,微信图片_2025-07-09_100921_534.png,5L,胖东来,1752156078000,,,许昌市胖东来超市有限公司,山东金胜粮油食品有限公司,,微信图片_2025-07-09_100916_623.jpg,4瓶/箱,,
rec189xRcX,optD3EcNDP,中国,宁德,福建,单,盛耳桂圆红枣银耳粥,方便速食,速食汤粥,https://chaoshi.detail.tmall.com/item.htm?id=820883512028&pisk=g0MjyYxDMZbfx3bomEKPF25EBp26CV9eHGZtxcBVX-exXRgKRtPvjI4TXzg76OR035wsyzk4umyAWViLrnVaHE4tPV3vmrzqQdMSX2t0bEDZFPntbrUwoAGlCDmi3n2wm-m0IRLe8pWsmm2GbnvX1x6R2ooR6Ze9a8dYnc_p8pJEVIE0Q0LEQmu3WkrFBRFYk8F8rlXTDVFYygUujlQYXtKS2z4RWNCAMzQ8mlEYBOFt2gE0jsEY6RFR2zqTBP3TBbSlAlObomt4yir9VdOztz6OBYZJSynXzTZZLoO8RmaWJFM5-SaKDz69kPI7bPaopURSq2Gxuu06dUwKt4M_9R9f-oG-A8U4pB17h0umd-HBltrzUzPK67tvH0wbl2MuOGCbhf3mCScfjHm8H4c3-SdkruMqL5a3NaLx40aYOfg2rOUqO037TY7PLJhnPANLpgkRLy6kv1s7tOZ783t5s1mXlakeznwk0SEuc7-WVZhgMuq783t5s1VYqoayV3_xs&rdcAreaId=310115104&rdcTimeEffectiveTagType=halfday&searchWord=%25E9%2580%259F%25E9%25A3%259F%25E6%25B1%25A4%25E7%25B2%25A5&skuId=5697588907162&smCaptainPrice=750&smPriceChannel=supermarketSearch&smSourceChannel=supermarketSearch&sourceFrom=supermarket-search&spm=a3204.30010050.item-feeds.d_1_7.ceac5885P1oQqu,MC-,MC,,,image.png,12.9,image.png,156g,猫超,1752156078000,7.5,桂圆红枣味,福建盛耳食品有限公司,福建盛好生物科技有限公司,,image.png,,,
recWSuLZNV,optwXILiBE,中国,泰州,江苏,单,零反式脂肪葵花籽油,粮油干调,粮油干调,,PDL-,PDL,,,微信图片_2025-07-09_101405_349.png,276,微信图片_2025-07-09_101411_205.jpg,5L,胖东来,1752156078000,,,许昌市胖东来超市有限公司,益海粮油工业有限公司,,微信图片_2025-07-09_101414_340.jpg,4瓶/箱,,
recQtX1bHJ,optVNIODrm,泰国,,,单,100%椰子水,酒水饮料,果汁/植物饮,,SM-,SM,,,椰子水1-标2.jpg,49.9,537175bc6980bbd5e0f4541e73150df5_compress.jpg,1L,山姆APP,1752156078000,,,,,,4b273bf048790cfec80194339346007c_compress.jpg,1L*6,,
recshF3soF,optAMcXDwu,中国,潍坊,山东,单,小磨芝麻酱,粮油干调,粮油干调,,PDL-,PDL,,,微信图片_2025-07-09_101645_484.png,11.8,微信图片_2025-07-09_101638_516.png,300g,胖东来,1752156078000,,芝麻味,许昌市胖东来超市有限公司,瑞福油脂股份有限公司,,,,,
recZ3PbbAi,optH3Z20Kt,中国,,,单,乐事无限薯片,休闲零食,膨化食品,#小程序://大润发优鲜/PvX4Qv5fvBQc4nd,DRF-0007A,DRF,0007,A,image.png,5.9,image.png,62g/罐,大润发,1752156078000,,醇香原味,百事食品(中国)有限公司,百事食品(中国)有限公司北京分厂(QY)/武汉/德阳/佛山/临沂,image.png,,,,
recuQpSxaSZoPd,optH3Z20Kt,中国,,,单,乐事无限薯片,休闲零食,膨化食品,#小程序://大润发优鲜/EEj6jx0w5iRk0NC,DRF-0007B,DRF,0007,B,image.png,5.9,image.png,62g/罐,大润发,1752156078000,,滋香烤肉味,百事食品(中国)有限公司,百事食品(中国)有限公司北京分厂(QY)/武汉/德阳/佛山/临沂,image.png,,,,
recuQpSxpLRk66,optH3Z20Kt,中国,,,单,乐事无限薯片,休闲零食,膨化食品,#小程序://大润发优鲜/kLRSCzigxBcqWLk,DRF-0007C,DRF,0007,C,image.png,5.9,image.png,62g/罐,大润发,1752156078000,,鲜浓番茄味,百事食品(中国)有限公司,百事食品(中国)有限公司北京分厂(QY)/武汉/德阳/佛山/临沂,image.png,,,,
recuQpSxFnJxxt,optH3Z20Kt,中国,,,单,乐事无限薯片,休闲零食,膨化食品,#小程序://大润发优鲜/as3uQrNrGcswYJl,DRF-0007D,DRF,0007,D,image.png,8.5,image.png,104g/罐,大润发,1752156078000,7.5,醇香原味,百事食品(中国)有限公司,百事食品(中国)有限公司北京分厂(QY)/武汉/德阳/佛山/临沂,,,,,
recuQpUF9Y0XXw,optH3Z20Kt,中国,,,单,乐事无限薯片,休闲零食,膨化食品,#小程序://大润发优鲜/as3uQrNrGcswYJl,DRF-0007E,DRF,0007,E,image.png,8.5,image.png,104g/罐,大润发,1752156078000,7.5,滋香烤肉味,百事食品(中国)有限公司,百事食品(中国)有限公司北京分厂(QY)/武汉/德阳/佛山/临沂,,,,,
recuQpUFoKzIow,optH3Z20Kt,中国,,,单,乐事无限薯片,休闲零食,膨化食品,#小程序://大润发优鲜/as3uQrNrGcswYJl,DRF-0007F,DRF,0007,F,image.png,8.5,image.png,104g/罐,大润发,1752156078000,7.5,鲜浓番茄味,百事食品(中国)有限公司,百事食品(中国)有限公司北京分厂(QY)/武汉/德阳/佛山/临沂,,,,,
recuQpUFBF48hV,optH3Z20Kt,中国,,,单,乐事无限薯片,休闲零食,膨化食品,#小程序://大润发优鲜/as3uQrNrGcswYJl,DRF-0007G,DRF,0007,G,image.png,8.5,image.png,104g/罐,大润发,1752156078000,7.5,翡翠黄瓜味,百事食品(中国)有限公司,百事食品(中国)有限公司北京分厂(QY)/武汉/德阳/佛山/临沂,,,,,
recuQpV72tJDjP,optH3Z20Kt,中国,,,单,乐事无限薯片,休闲零食,膨化食品,#小程序://大润发优鲜/as3uQrNrGcswYJl,DRF-0007H,DRF,0007,H,image.png,8.8,image.png,104g/罐,大润发,1752156078000,7.8,黑椒牛扒味,百事食品(中国)有限公司,百事食品(中国)有限公司北京分厂(QY)/武汉/德阳/佛山/临沂,,,,,
recuQpV7hvUbqh,optH3Z20Kt,中国,,,单,乐事无限薯片,休闲零食,膨化食品,#小程序://大润发优鲜/as3uQrNrGcswYJl,DRF-0007I,DRF,0007,I,image.png,8.5,image.png,104g/罐,大润发,1752156078000,7.5,香浓红烧肉味,百事食品(中国)有限公司,百事食品(中国)有限公司北京分厂(QY)/武汉/德阳/佛山/临沂,,,,,
recp7Q9koo,optH3Z20Kt,中国,,,单,乐事无限薯片,休闲零食,膨化食品,#小程序://大润发优鲜/segdYAVmYAaxG1h,DRF-0007J,DRF,0007,J,image.png,8.5,image.png,90g/罐,大润发,1752156078000,7.5,芭拿拿香蕉味,百事食品(中国)有限公司,百事食品(中国)有限公司北京分厂(QY)/武汉/德阳/佛山/临沂,image.png,,,,
recMsrroqE,opt00WEheh,中国,宁德,福建,单,盛耳炖炖好速食粥私房牛肉粥,方便速食,速食汤粥,https://chaoshi.detail.tmall.com/item.htm?id=773720182393&pisk=gPVEyzqS76CFNTVFqVcybjgvR4hK4Xjfx7iSrz4oRDmnN9KyazmaFwnIVRPrbrbKATBL4RruXviHOXtubuZsxWiIt08zVldQVJanqQr7PWZ7-DioEc4uOuzRJ4muquo7dO1bJyh-ZitPGsaKxuMdzkRkZAboo4gl5vv6JbbKZisfadTipMGuVvMT9Cvikc0HtvDl7c0xzb0n-bbZj4uvEHqoZN7ZJ2YH-DAHSP0SjHxnxBDgS4gnrBvnxNziX4coqb50-zAZlvbRneQZ86_F3mznbQAut_HE0On-W4PZCvmmIDAoC5uELm43gGrUcVV__xM6PGGgkRZn7j5eD2yguX0zwZvr4YPK_crViQ3TKkPiU5_RiyGEzxcoQUAu7ymsIWccihuTIywu9k8yZ2FQGYoxQaA-FfVjn-qeyZUit4q-H7sv9D4ukSejg6-x8R4q_gW22VVTQ7eeqLknWVof7N778Betf4kztLp-Ij3ZcwgBeLHnWVof7NJJeA0x7m_IR&rdcAreaId=310115104&rdcTimeEffectiveTagType=none&searchWord=%25E9%2580%259F%25E9%25A3%259F%25E6%25B1%25A4%25E7%25B2%25A5&skuId=5293017512563&smCaptainPrice=3781&smPriceChannel=supermarketSearch&smSourceChannel=supermarketSearch&sourceFrom=supermarket-search&spm=a3204.30010050.item-feeds.d_1_8.ceac5885P1oQqu,MC-,MC,,,image.png,49.8,image.png,38g,猫超,1752156078000,37.81,牛肉味,福建盛耳食品有限公司,福建盛好生物科技有限公司,,,38g*6杯,,
recQSrpcqc,opth7B67Ks,中国,红河州个旧市,云南,混,青提牛奶,牛奶饮品,风味奶,https://chaoshi.detail.tmall.com/item.htm?id=889574168658&pisk=g6lryTiQuQdPafcyxrVF0-Ts9XN8Z7x6qXZQ-203PuquOLIFT2qqdUE7AxlU0VY8Vpp-YxonD8ZlN7sn0DibqbZ7Zk7EAmCSAYgux6oIRbiIruZ3Ko0nNDupyyqnxDrIFKOsy4FLthse1CgRmd_vz053tiY3yyaHl8XfyWY8tht6Tt_0e3NnA8ZTisX0Wo4lZ82Huo4_-Wj3xDq0nP41qWVnxEy05PBltu4uoS4_mMjhEzj0oya1x94ltEu0DyV3xbJir2f458YpQuduQU8bel0u06fNWzyk64WCT6WYr8qgno53hjzzUl0o_norfrcjgRwfRnNmWxiuu5RPXzkm774E9FXUYJl8goows6UxE0l0LjTps4Nz8RV33wfnu4qbnbVMsizxn4Mnw07FtzhS1JrT3efLdSc_IAmPJF30ZymLBXtOwu0nWfH__QSTzx0aggJVvrcx3XHPx9yukrr6uE8Iz_HYcyyEZ9BLn5U4fUa5p9eukrr6uEWdp-4TulT7P&rdcAreaId=310115104&rdcTimeEffectiveTagType=none&searchWord=%25E9%25A3%258E%25E5%2591%25B3%25E5%25A5%25B6&smCaptainPrice=3790&smPriceChannel=supermarketSearch&smSourceChannel=supermarketSearch&sourceFrom=supermarket-search&spm=a3204.30010050.item-feeds.d_1_8.62ce5885H5YWym,MC-,MC,,,image.png,59.9,image.png,200ml,猫超,1752156078000,37.9,茉莉/青提,云南乍甸乳业有限公司,云南乍甸乳业有限公司,,image.png,8+8盒/箱,,
recajkRsJW,optAk9XsXH,中国,合肥,安徽,单,蜜瓜牛乳,牛奶饮品,风味奶,https://chaoshi.detail.tmall.com/item.htm?id=816128314453&pisk=ghBErkbWbJeUT-BUrhvr7CZfeT9pCp4b-TTWqgjkAeYHFW3rUgYNNkLBP1Wy7iqpR7Fdz17lWBTndpgl7a_6-9TBKUoPPNHCP6sHrY75V9_5xeTkZFjldaS8v3Ylra85O5wfvMpJErgzh-sKSSiTYaRHEV2GXnTot5O3tDI7xrabh8PnjLzUlasBDekM0nvkxeAHsl-k0UvoEYqwS3-xZ2bkElrw4nuntUYnIhxW0L0kt3vMsHKJxYYkxFqw2FDHELcPyMjoQnO32S8LKIrzUh8cxFko3mKet8sINYMSCHAHoCYsEC6wYB8cxtzN8ZtGCORX10a6IiC1-hJ4LqKFsiJH4TEmaURPpd8Nu-DJX6bFIQW_2-jBL3RDECooEGSH5CXHn-0wX1jCZ9QE4YxddtOykCroeQ9GhIfc80EAjpxlyIB7kvLhqiBAGKyEkH5G0dSru4KGB1WRT4cythKwllraVMkd6Ftya9c-wCvvbEZBAbhJthKwllrZwbdMDh8bAH1..&rdcAreaId=310115104&rdcTimeEffectiveTagType=halfday&searchWord=%25E9%25A3%258E%25E5%2591%25B3%25E5%25A5%25B6&skuId=5684352851436&smCaptainPrice=2460&smPriceChannel=supermarketSearch&smSourceChannel=supermarketSearch&sourceFrom=supermarket-search&spm=a3204.30010050.item-feeds.d_1_9.62ce5885H5YWym,MC-,MC,,,image.png,39.9,image.png,200ml,猫超,1752156078000,24.6,玫珑蜜瓜+哈密瓜,新希望乳业股份有限公司,安徽新希望白帝乳业有限公司,image.png,image.png,200ml*12,,
recqggqZOr,optOnAnSj3,中国,泰州,江苏,单,高蛋白肉脯,休闲食品,猪肉脯,https://chaoshi.detail.tmall.com/item.htm?id=733346630371&pisk=grxnyejkbe7Bl8AY9CSIu5VhdRg9RJs5CQERwgCr7151wvtKd_-MiQqL2LJpSTRJ1YMCvL5kZCC_96EdYgYl_QZdTXtRqQvyTpQF9vslzQRF8kCdyCvyaM7WJ_CdZgvWiAhxDmpBdg_EMjnx4bQVSiaU8TPRQOWRq9y9qwe2dgsrZRErkmvBOC2_E9WPQAXRF9rea6zNb16ULg5Fz5zN315P4Q5UQdW5HTzFzu5ZItW7Yk5PUP5NFTNFLQSrId51Ubqa4sxyfhlT3T13UHMvf9bhgp5eppKZgwaBp10n8hYG-slAsuryj9vkxASYm4C2l6QAgCoTxgvNECbv-jqHZLJXzNxuTvd2_UAPCFGursYypEt1J8zeI3fhuH7iqxpcxTRPrFG0D9jpSZxHRYNwLICHuM98nXpGoFbfQNyu8MLvH3_2YDVf6Z6ksZLnikAV4MzauBK4VOkJbza58O6GMP-dgYsCT4vsIA4jRwW1pjHiIza58O6GMADglW_FC9hA.&rdcAreaId=310115104&rdcTimeEffectiveTagType=halfday&searchWord=%25E7%258C%25AA%25E8%2582%2589%25E8%2584%25AF&skuId=5962893386115&smCaptainPrice=2790&smPriceChannel=supermarketSearch&smSourceChannel=supermarketSearch&sourceFrom=supermarket-search&spm=a3204.30010050.item-feeds.d_1_1.1a40588557pUXV,MC-,MC,,,,49.9,image.png,500g,猫超,1752156078000,27.9,原味,三只松鼠（无为）有限责任公司,靖江市汇恒食品有限公司,image.png,,,,
rec7xCs3kF,optKe3IK8G,中国,萍乡,江西,单,芥末味绿蚕豆,休闲零食,坚果炒货,666復至₤dZsX4ZFZldt₴去>盒碼<查看【32.5元 盒马MAX 芥末味绿蚕豆 400g】,HM-0003A,HM,0003,A,6df4bacf-6061-4df7-aa4a-bca91d7af999.jpg,32.5,2166096b-b477-4547-826a-408443b97285.jpg,400g,盒马APP,1752156078000,,芥末味,,甘源食品股份有限公司,b7f99426-3a4d-4670-a9e1-76db3fad1e0d.jpg,,,,
rechCyOhs8,opt2Itygg7,中国,泰州,江苏,单,良品铺子炭烤金钱脯（烤肉）,休闲食品,猪肉脯,https://chaoshi.detail.tmall.com/item.htm?id=779558390491&pisk=gToEz3G7QHKEjIneZRqP_PsUJmZLrkAXt0N7EYDudWV3VeCP4YVZPpFQNVoz_xvLOULKaVlo6yNhAk1o_bG_tDNQx7WrNfIIN2M3ZglSFDGSKWNur5DoAbkJp8VoZbPSRFtjpvE8qI1ycnMKBevWzbz3EPXiB-j3ZFaH-9HWKIOXc38hIuReGbMC6w_g3-quKW43sdyu39qu-yVMQ825tajnZAva68CuZu2uSG2zKMqlxMxGj-whx9quZhqg68quZbqoaWHnEGyb-LL4dUoMci23ivVNqiWYLybSQasV0te3-S4gtg4sbJzUivm2_XlbIcialP6W1lDx5X2a0H5YLVD4x8oJnaPzzDEa_j-c2R3nTc4rfLKmdkyzou4NEgDZK5aixoxc_R3id4mKTTSupDibzSUwEgU7jmamoXWJHAq3EbUxVIILtYDxDqZ2YseESxrN4K58Ic3Z225lzy2TQS9wQLMFvVF_UzohyaUgDRPXdJ_Ryy2TQS9wQaQ8S-eaGpwC.&rdcAreaId=310115104&rdcTimeEffectiveTagType=halfday&searchWord=%25E7%258C%25AA%25E8%2582%2589%25E8%2584%25AF&smCaptainPrice=2761&smPriceChannel=supermarketSearch&smSourceChannel=supermarketSearch&sourceFrom=supermarket-search&spm=a3204.30010050.item-feeds.d_2_5.1a40588557pUXV,MC-,MC,,,image.png,39.9,image.png,200g,猫超,1752156078000,27.61,原味,湖北良品铺子食品工业有限公司,靖江三阳食品科技有限公司,,image.png,,,
recxeBLvjI,optE6arGNO,中国,哈尔滨,黑龙江,单,上好佳田园薯片,休闲零食,膨化食品,#小程序://大润发优鲜/qOj10ZyiNt0FsQD,DRF-,DRF,,,image.png,6.6,image.png,80g/袋,大润发,1752156078000,,霸道榴莲味,上好佳（中国）有限公司,上好佳食品工业有限公司,image.png,,,,
recuQq3oGcTsbJ,optE6arGNO,中国,哈尔滨,黑龙江,单,上好佳田园薯片,休闲零食,膨化食品,#小程序://大润发优鲜/hRqZl9VkHvzFzKF,DRF-,DRF,,,image.png,6.6,image.png,80g/袋,大润发,1752156078000,,菠萝味,上好佳（中国）有限公司,上好佳食品工业有限公司,image.png,,,,
recuQq3oYPPov8,optE6arGNO,中国,哈尔滨,黑龙江,单,上好佳田园薯片,休闲零食,膨化食品,#小程序://大润发优鲜/RZD10vVSWP64uig,DRF-,DRF,,,image.png,6.6,image.png,80g/袋,大润发,1752156078000,,粉红西柚味,上好佳（中国）有限公司,上好佳食品工业有限公司,image.png,,,,
recuQq3thGxmTP,optE6arGNO,中国,哈尔滨,黑龙江,单,上好佳田园薯片,休闲零食,膨化食品,,DRF-,DRF,,,,6.6,,80g/袋,大润发,1752156078000,,,上好佳（中国）有限公司,上好佳食品工业有限公司,,,,,
recWy3UYSk,optwe2W9iR,中国,合肥,安徽,单,洽洽小黄袋每日坚果（全坚果款）,休闲零食,坚果炒货,666復至🗝0FVL4ZFOrf7✔去>盒碼<查看【83.9元 洽洽 小黄袋低GI每日坚果纯坚果 400g】,HM-0004A,HM,0004,A,ff9cc065-7399-4818-baa8-907a6e1d813f.jpg,83.9,f6a10134-5859-45b1-a902-ec59e378cc7e.jpg,20g/袋,盒马APP,1752156078000,,原味,,洽洽食品股份有限公司,,8989c255-1819-4479-bf9d-57c9fd7bddd7.jpg,20*20g/箱,,
recjKpZaZX,optFxkV2nH,中国,泰州,江苏,单,来伊份高蛋白肉脯自然片,休闲食品,猪肉脯,https://chaoshi.detail.tmall.com/item.htm?id=793919661168&pisk=g7zZrYwjTNQZnpaNnX02LDTZXzgtVVX5IrMjiSVm1ADilGp2uSDUc1HshkzqL7ftCiIT3ky0pcMM5V90L-wIIPMsSxR4hJL_hlNinEybGPwbsAMmmvV05-PA6jD0n-kbfM_7653xoT9VPaNT9Gff0RoDSwfmNbTGOcxB6qftoT65uHOnXOg0hc9R5HxnwvcMScDGTvcS_qcijFfEKjlJmd2mo65EifDmnjmD-DctMqvMjAbn-fGWmfmiiBfEMvYioqcyx5VD8biGMgl10yxl_xkusv8DzQhZjZNpcUTWTfmiEDDyoDaE_ckuszWUQ8G3RyoSAI6I-7EQIXuP7Lhax7uigrCk0xo4W2kUUaYx9l2a-mzCMaVs7joooDRDoWPidD4iravE9kV_mPewgEcT5ziqeD5Dkmg3P0quQIC8tVc0H0UfeFHgi7U8V47wefr3a2SzuKh3JkzYbKxqjXhEF65FG58TvvGq0PxvDD0-TY1s1nKxjXhEF65eDnnnwXk51f1..&rdcAreaId=310115104&rdcTimeEffectiveTagType=none&searchWord=%25E7%258C%25AA%25E8%2582%2589%25E8%2584%25AF&skuId=5418515944517&smCaptainPrice=3651&smPriceChannel=supermarketSearch&smSourceChannel=supermarketSearch&sourceFrom=supermarket-search&spm=a3204.30010050.item-feeds.d_2_6.1a40588557pUXV,MC-,MC,,,image.png,69.9,image.png,520g,猫超,1752156078000,36.51,原味,上海来伊份股份有限公司,靖江三阳食品有限公司,image.png,,,,
recj7mo3kR,optxJNIIFD,中国,漳州,福建,单,爆汁牛筋肉肠,休闲零食,肉类小食,666復至₴EHfT4ZFBg7t🗝去>盒碼<查看【54元 盒马MAX 原味牛筋肉肠 560g】,HM-0005A,HM,0005,A,067ff282-8ed1-4273-a6b7-173dfe310e80.jpg,54,b25763be-8662-4440-96d4-df6445458b49.jpg,560g,盒马APP,1752156078000,,原味,上海盒马物联网有限公司,龙海市新信达食品有限公司,773240e2-3383-44b4-a7a4-6947bf8e3aa1.jpg,,,,
recuq6odXt,optsSjZcuf,中国,佛山,广东,混,开心果仁（蒜香风味&海盐风味）,休闲零食,坚果蜜饯,,SM-,SM,,,cb73b472-46f6-4678-9217-4be3c1b5a067.jpg,106.9,bd0d9b28-fb70-4d78-a7a5-e9fdbe0e8a7b.jpg,,山姆APP,1752156078000,,蒜香风味&海盐风味,,,,,420g,,
recEY0ZC9N,optcQBlrKv,中国,烟台,山东,单,苹果干,休闲零食,坚果蜜饯,,SM-,SM,,,997e2263-52c1-4666-b353-af218000175a.jpg,56.9,90f5b07a-5e86-416c-954d-d523611bf2cf.jpg,560g,山姆APP,1752156078000,,,,,,,,,
recwiwt7Yo,optkAkwWal,泰国,,,单,Calbee牌Jagabee淡盐味薯条,休闲零食,薯片膨化,,SM-,SM,,,74accead-0583-444a-8df2-558666661144.jpg,85.9,68c1a3ec-9301-4cb4-91b9-62650816763f.jpg,15g,山姆APP,1752156078000,,淡盐味,,,,,15g*40袋,1928c097-ebf1-4e91-b90b-2fdaedfc03e2.jpg,
recRfLGoB9,optZj3FOep,中国,漳州,福建,单,每日黑巧鲜萃黑巧巧克力制品（香醇榛子味）,休闲零食,巧克力,,SM-,SM,,,b595ae11-e51e-4a3c-958b-a62088d31521.jpg,99.9,d37470c8-124d-48b4-b632-5009d6f7d68e.jpg,15g,山姆APP,1752156078000,,香醇榛子味,,,,941f79c4-5006-48ca-9737-e1ed1905ba8e.jpg,15g*13,,
recPcj2J2z,optu5litdc,中国,半顶山,河南,单,宝丰自由爱（白酒）,酒水饮料,酒水饮料,,PDL-,PDL,,,,450,微信图片_2025-07-09_130138_891.png,500ml,胖东来,1752156078000,,,许昌市胖东来超市有限公司,宝丰酒业有限公司,微信图片_2025-07-09_130144_437.png,微信图片_2025-07-09_130134_596.png,6瓶/箱,,
recdNEzVxJ,optcoQYUOQ,泰国,,,单,椰子水,酒水饮料,果汁/植物饮,,SM-,SM,,,a6f8982f3dd936fce0617475c4a06f83_compress.jpg,64.9,bbcf14658c6a5f57a0624d6e2de4b9d1_compress.jpg,200ml,山姆APP,1752156078000,,,,,,a9b479fca2a9a8c23a0e81d5513cc114_compress.jpg,200ml*24,,
recZKuhdMR,optpc65cYP,中国,杭州,浙江,单,精酿黑啤酒,酒水饮料,酒水饮料,,PDL-,PDL,,,微信图片_2025-07-09_130554_674.png,57,微信图片_2025-07-09_130550_540.png,500ml,胖东来,1752156078000,57,,许昌市胖东来超市有限公司,杭州千岛湖啤酒有限公司,,微信图片_2025-07-09_130550_540.png,12罐/箱,,
recfgjPAKS,opt5qRpuJN,中国,杭州,浙江,单,精酿小麦啤酒,酒水饮料,酒水饮料,,PDL-,PDL,,,微信图片_2025-07-09_131045_527.png,45,微信图片_2025-07-09_131042_028.jpg,500ml,胖东来,1752156078000,45,,许昌市胖东来超市有限公司,杭州千岛湖啤酒有限公司,,微信图片_2025-07-09_131042_028.jpg,12罐/箱,,
rechixM3PZ,opt5qRpuJN,中国,杭州,浙江,单,精酿小麦啤酒,酒水饮料,酒水饮料,,PDL-,PDL,,,微信图片_2025-07-09_131308_010.png,60,微信图片_2025-07-09_131304_588.png,330ml,胖东来,1752156078000,60,,许昌市胖东来超市有限公司,杭州千岛湖啤酒有限公司,,,24罐/箱,,
recTGdUQ8q,optMcUjB0p,中国,漳州,福建,单,海鳗鱼干,休闲食品,休闲食品,,PDL-,PDL,,,微信图片_2025-07-09_131534_362.jpg,9.9,微信图片_2025-07-09_131527_522.jpg,40g,胖东来,1752156078000,9.9,原味,许昌市胖东来超市有限公司,福建嘉荣食品有限公司,微信图片_2025-07-09_131531_019.jpg,,,,
recnrLbrbJ,opt72TvFpj,泰国,,,单,椰子饮料,酒水饮料,果汁/植物饮,,SM-,SM,,,椰子水3-标.jpg,89,2d24cc9ceabe2a0373af9fe462f40203_compress.jpg,310ml,山姆APP,1752156078000,,,,,,e322e35c2cae4f1e144780a69c166dcd_compress.jpg,310ml*24,,
recswJFWrN,opty5B60De,中国,漳州,福建,单,鮟鱇鱼干,休闲食品,休闲食品,,PDL-,PDL,,,微信图片_2025-07-09_131813_516.jpg,9.9,微信图片_2025-07-09_131804_395.jpg,40g,胖东来,1752156078000,9.9,原味,许昌市胖东来超市有限公司,福建嘉荣食品有限公司,微信图片_2025-07-09_131807_899.jpg,,,,
recyTJMNtJ,optS9I4Mws,中国,漳州,福建,单,鳕鱼干香辣味,休闲食品,休闲食品,,PDL-,PDL,,,微信图片_2025-07-09_132226_090.jpg,9.9,微信图片_2025-07-09_132217_668.jpg,40g,胖东来,1752156078000,9.9,香辣味,许昌市胖东来超市有限公司,福建嘉荣食品有限公司,微信图片_2025-07-09_132221_805.jpg,,,,
recjulYPLB,optLNPyLHP,中国,上海/滁州,上海/安徽,单,佳果源100%NFC黑钻凤梨汁,酒水饮料,果汁/植物饮,,SM-,SM,,,凤梨汁1-标.jpg,109.9,凤梨汁1-正.jpg,330ml,山姆APP,1752156078000,,,上海佳果源食品科技有限公司,上海爱之味食品有限公司（A）/滁州华冠饮料有限公司（H）,,凤梨汁1-外.jpg,330ml*10,,
recEPv0sT6,optYAy48MD,中国,壮族自治区,广西,单,红心火龙果干,休闲零食,坚果蜜饯,#小程序://山姆会员商店SamsClub/FKGcqGk9bfSNf3q,SM-,SM,,,4a7b8c32-30ee-47a4-a5e9-70d7789e26a3.jpg,59.9,1fdc25d8-0176-4666-af78-5c2afcad4b18.jpg,400g,山姆APP,1752156078000,,,杭州郝姆斯食品有限公司,广西粒籽食品有限公司,,,,,
rec03L0cs9,optYdPjgYo,中国,安阳,河南,混,鲜萃冻干榛果,休闲零食,坚果蜜饯,,SM-,SM,,,6a76f97e-f3f2-44fd-bb19-a8e046885fa2.jpg,79.9,e5852733-297e-4ff7-825a-6aff3c427362.jpg,260g,山姆APP,1752156078000,,,,甘源食品（安阳）有限公司,,,,,
recmHvp5XE,optCDdbOF0,中国,杭州,浙江,单,绿盛麻辣牛肉,休闲零食,肉干小食,#小程序://大润发优鲜/sHqQk0NDqi6PK0G,DRF-,DRF,,,image.png,11.8,image.png,55g,大润发,1752156078000,10.5,麻辣味,,,,,,,
recvE8MmK8,optomXsxS2,中国,杭州,浙江,单,绿盛牛肉干,休闲零食,肉干小食,#小程序://大润发优鲜/UyBYycdDhiHuTXf,DRF-,DRF,,,image.png,10.5,image.png,30g,大润发,1752156078000,,五香味,农夫与海（杭州）食品有限公司,杭州绿盛集团有限公司,image.png,,,,
rec44iYdJE,optnVvHTOX,中国,杭州/白山,浙江/吉林,单,养生堂白桦树汁,酒水饮料,果汁/植物饮,,SM-,SM,,,白桦树汁1-标.jpg,129.9,白桦树汁1-正.jpg,300ml,山姆APP,1752156078000,,,农夫山泉股份有限公司,农夫山泉（建德）新安江饮用水有限公司/农夫山泉抚松长白山饮料有限公司,白桦树汁1-后.jpg,白桦树汁1-外.jpg,300ml*15,,
recRPLG1Yf,optHWzMqRZ,中国,合肥,安徽,单,松茸酥心葵花籽仁,休闲零食,坚果蜜饯,,SM-,SM,,,62eea51b-103b-4f9f-953b-9f11a02795ee.jpg,79.9,62a97d72-1b33-44d5-a8e0-0a0bbc87547a.jpg,500g,山姆APP,1752156078000,,,,洽洽食品股份有限公司,,,,,
recgPbHy8z,opt4jisahB,中国,上海,上海,单,家乐麻辣海鲜捞汁调味料,调料,凉拌汁系列,家乐捞汁小海鲜料汁麻辣卤汁冷泡汁辣鲜露0脂凉拌海鲜捞汁调料,TM-0001A,TM,0001,A,,14.54,33.jpg,245g/瓶,天猫旗舰店,1752156078000,14.54,麻辣味,,联合利华食品（中国）有限公司,,,,,
rechYPCOY4,optCVS244N,,,,单,绿盛秘芝牛肉,休闲零食,肉干小食,#小程序://大润发优鲜/4WoMxuLhCGvl9Ex,DRF-,DRF,,,image.png,33.9,image.png,100g,大润发,1752156078000,,芝香味,,,image.png,,,,产品背面模糊
recTQqfDnH,opt9fxkFFF,中国,佛山,广东,混,坚果什锦脆（什锦果仁）,休闲零食,坚果蜜饯,,SM-,SM,,,aaf0ac83-c321-4468-903b-c2bfc536c897.jpg,77.9,dd97f563-e743-4053-b146-105ee3a952de.jpg,900g,山姆APP,1752156078000,,蜂蜜芥末味&墨西哥辣椒柠檬味,,,,,,,
recybVoM3e,opttV0ELcM,中国,汕头,广东,单,煌记榛子花生酱夹心薄饼干,休闲零食,饼干曲奇,,DRF-,DRF,,,微信图片_2025-07-09_141202_691.jpg,13.9,image.png,128g,大润发,1752156078000,13.9,花生味,煌记（香港）有限公司,广东煌记食品有限公司,,,,,
reckmv9CK1,optRTXKoNP,中国,嘉兴,浙江,单,荷美尔轻享薄切牛肉干,休闲零食,肉干小食,#小程序://大润发优鲜/PDBXthBvZu37TEd,DRF-,DRF,,,image.png,17.9,image.png,35g,大润发,1752156078000,,一抹咸香,荷美尔（中国）投资有限公司,嘉兴荷美尔食品有限公司,image.png,,,,
recvVFNVbS,optT6XwfHL,中国,,河北,单,好丽友好多鱼,休闲追剧,追剧饼干,,LSHM-0002A,LSHM,0002,A,,2.9,,21g/盒,零食很忙,1752156078000,2.9,茄汁味,,,,,,,
recQ6UHvvP,optP3fQM1H,中国,上海,上海,单,格力高百醇,休闲追剧,追剧饼干,,LSHM-0001A,LSHM,0001,A,,5.9,11.jpg,48g/盒,零食很忙,1752156078000,5.9,抹茶慕斯味,上海江崎格力高食品有限公司,上海江崎格力高闵发食品有限公司/上海江崎格力高南奉食品有限公司,,,,,
recFDJdnDw,optOfN3LLQ,韩国,,,单,乐天夹心饼干,休闲零食,饼干曲奇,,DRF-,DRF,,,微信图片_2025-07-09_142455_131.jpg,8.9,image.png,105g,大润发,1752156078000,8.9,菠萝味,,,,,,,
rechgC5KR5,optnm9ZNsr,中国,上海,上海,单,喜茶羽衣甘蓝青瓜复合果蔬汁饮料,酒水饮料,果汁/植物饮,,SM-,SM,,,羽衣甘蓝果蔬汁1-标.jpg,89.9,羽衣甘蓝果蔬汁1-正.jpg,330ml,山姆APP,1752156078000,,,喜小瓶茶饮（珠海）有限责任公司,上海紫泉饮料工业有限公司,羽衣甘蓝果蔬汁1-后.jpg,羽衣甘蓝果蔬汁1-外.jpg,330ml*12,,
reczHsFl5r,optLoAt9EK,越南,,,单,意式风味混合坚果（熟制坚果与籽类食品）,休闲零食,坚果蜜饯,,SM-,SM,,,4ee85671-b3e2-4f41-bd29-ab743eb9701c.jpg,69.9,74c49398-72a7-4e27-8141-ccc618e6d5d5.jpg,30g,山姆APP,1752156078000,59.9,意式风味,,,64f8845d-d8c8-4362-b8e4-708386075792.jpg,74c49398-72a7-4e27-8141-ccc618e6d5d5.jpg,30g*15,,
recXL3HKiL,opt8TkryrX,中国,苏州,江苏,混,奥利奥缤纷口味礼盒,休闲零食,饼干曲奇,#小程序://大润发优鲜/sBnCurtr0vyigii,DRF-,DRF,,,微信图片_2025-07-09_143753_721.jpg,17.5,微信图片_2025-07-09_143707_905.jpg,388g/盒,大润发,1752156078000,15,原味*4+（树莓味+蓝莓味）*4+（水晶葡萄味+水蜜桃味）*4+冰淇淋抹茶味*4+白桃乌龙味*4,亿滋食品企业管理（上海）有限公司,亿滋食品（苏州）有限公司,image.png,,20包/盒,,
reczFGpNPF,optf6efO6i,中国,,浙江,单,太丰卤牛肉干,休闲零食,肉干小食,#小程序://大润发优鲜/fl9ENae2XyKexky,DRF-,DRF,,,image.png,24.9,image.png,90g,大润发,1752156078000,,卤味,,浙江丰隆食品加工有限公司,,,,,
recDiRlHdz,optXTYHYZD,中国,阜阳,安徽,单,百草味安格斯牛排脆,休闲零食,肉干小食,#小程序://大润发优鲜/sSb04uwxXdP6OpK,DRF-,DRF,,,image.png,19.9,image.png,27g,大润发,1752156078000,17.4,热辣味,杭州赫姆斯食品有限公司,阜阳市尚源食品有限公司,image.png,,,,
recHFaHf45,optCuhgMR0,中国,滨州,山东,混,高膳食纤维山楂棒,休闲零食,坚果蜜饯,,SM-,SM,,,c92442a9-3b83-4555-8527-a5893a73deef.jpg,49.9,13f61941-220b-440b-8016-28fc3fc834ed.jpg,750g,山姆APP,1752156078000,,原味/草莓味/黄桃味,,,,,,,
recT0Doo2W,optBqdhdEw,中国,苏州,江苏,单,奥利奥原味夹心饼干,休闲零食,饼干曲奇,#小程序://大润发优鲜/4RD009WukyS5pYf,DRF-,DRF,,,微信图片_2025-07-09_144456_019.jpg,15.9,微信图片_2025-07-09_144425_873.jpg,349g,大润发,1752156078000,13.4,原味,亿滋食品企业管理（上海）有限公司,亿滋食品（苏州）有限公司,image.png,image.png,12包/袋,,
recqHY5CEk,optFnoUDhN,,,,单,智利无核西梅干,休闲零食,坚果蜜饯,,SM-,SM,,,4ef2a233-0d50-4276-a93e-724936af8e6a.jpg,56.9,5cbb18cb-eaaa-4456-8a41-a1a2acdd7e59.jpg,800g,山姆APP,1752156078000,,,,,,,,,
recJQRsxg1,opt9tuJjpR,中国,湖州,浙江,单,母亲牛肉棒,休闲零食,肉干小食,#小程序://大润发优鲜/M8j9QwRAxp5vJMj,DRF-,DRF,,,image.png,8.8,image.png,22g,大润发,1752156078000,,原味/黑胡椒味/辣味,,养生堂浙江食品有限公司,image.png,,,,产品背面模糊
recbwq13kI,opt9tuJjpR,中国,湖州,浙江,单,母亲牛肉棒,休闲零食,肉干小食,,DRF-,DRF,,,,26.9,image.png,60g,大润发,1752156078000,,黑胡椒味/辣味,母亲食品（安吉）有限公司,母亲食品（安吉）有限公司,image.png,,,,
recKthAftu,opthkLrD0U,中国,,,混,奥利奥双口味夹心饼干,休闲零食,饼干曲奇,#小程序://大润发优鲜/4R0qQbUFKoOJZgd,DRF-,DRF,,,image.png,24.9,image.png,48.5g,大润发,1752156078000,24.9,经典原味*6+浓醇巧克力味*6,,,,,12包/盒,,
recBRh3Vyy,optQULPgef,中国,内江,四川,单,精制地瓜棒,休闲零食,坚果蜜饯,,SM-,SM,,,65776cfd-75f0-4dbd-b814-a8152c6bdc4c.jpg,39.8,2005ba10-5566-4320-a7b0-b9009869eea8.jpg,560g,山姆APP,1752156078000,,原味,沃尔玛（中国）投资有限公司,四川金四方果业有限责任公司,98d5e8d7-b560-4938-b524-44e7a22b435e.jpg,,,,
recuS8QLH2,optXBFpxZ8,中国,佛山,广东,单,自然派沙爹牛肉干,休闲零食,肉干小食,#小程序://大润发优鲜/RaP2XdvWCcb8r3A,DRF-,DRF,,,image.png,19.2,image.png,80g,大润发,1752156078000,18.2,沙嗲味,,,,,,,
rect7vhUhm,optL0F5wJP,中国,南充,四川,单,张飞灯影牛肉丝,休闲零食,肉干小食,#小程序://大润发优鲜/7nSw3GkPafh3xbq,DRF-,DRF,,,,13.8,image.png,45g,大润发,1752156078000,,五香味/香辣味,,,,,,,
recX01KmS0,optn93gsda,中国,,,单,家乐白灼汁复合调味料,调料,凉拌汁系列,家乐白灼汁正宗海鲜葱油白灼大虾清蒸鱼凉拌蔬菜酱油调味汁,TM-0002A,TM,0002,A,55.jpg,8.59,44.jpg,225g/瓶,天猫旗舰店,1752156078000,8.59,海鲜葱油味,,,,,,,
recAgc4T9s,optU0wVEly,中国,廊坊,河北,单,每日坚果（坚果+果干）,休闲零食,坚果蜜饯,,SM-,SM,,,92349a3f-e1f2-41a8-9115-f55ed4b8604a.jpg,99,a07fe521-346d-4673-9999-7d61755c5398.jpg,30g,山姆APP,1752156078000,,,,加州原野（霸州市）食品有限责任公司,eb67a07e-2f76-4e93-933d-00bf067261ce.jpg,,30g*30,,
recIKiPiUe,optoJdrYoM,中国,苏州,江苏,单,奥利奥巧克力味夹心饼干,休闲零食,饼干曲奇,#小程序://大润发优鲜/ETZVNBNuACcOXHi,DRF-,DRF,,,image.png,15.9,image.png,349g,大润发,1752156078000,13.4,巧克力味,亿滋食品企业管理（上海）有限公司,亿滋食品（苏州）有限公司,image.png,image.png,12包/袋,,
rec3HNKv7O,opt4tXsjRI,中国,滨州,山东,混,VC多酚山楂条,休闲零食,坚果蜜饯,,SM-,SM,,,50cbab60-8449-46fa-8cb1-576833821f17.jpg,49.9,be2128c4-d360-46d9-a54a-0e78237229d8.jpg,1kg,山姆APP,1752156078000,,益生元陈皮山楂条/莓果山楂条/玫桂金山楂条,,山东滨州健源食品有限公司,,,,,
recPw3sGe9,optdgJ5QnK,中国,青岛,山东,单,有机果汁蓝莓干,休闲零食,坚果蜜饯,,SM-,SM,,,7371cf4d-2ded-4893-b0a2-df1524f05d52.jpg,49.9,deba222c-3f76-42bf-939d-a992070cf033.jpg,400g,山姆APP,1752156078000,,,沃尔玛（中国）投资有限公司,青岛西微雅食品有限公司,56803a2a-716d-4e9a-8972-0009dab32db5.jpg,,,,
recdfT1Kkp,opthnxQtYI,中国,内江,四川,单,红瑶地瓜棒,休闲零食,坚果蜜饯,,SM-,SM,,,a038b0e5-226d-4f5c-8b24-5f131d79ba9c.jpg,45.9,3f86adb1-009b-4bd6-9932-7d15e15dc67f.jpg,600g,山姆APP,1752156078000,,原味,,四川金四方果业有限责任公司,63c24b49-4e19-492c-bdb7-52f91b6b76fd.jpg,,,,
recg5Y8wOX,optDe1qiVB,中国,廊坊,河北,单,Member's Mark芥末味夏威夷果仁,休闲零食,坚果蜜饯,,SM-,SM,,,eb8dd656-e5d4-4bc8-8eb4-5b2ec24f26bc.jpg,99,24fd1076-6628-4a3a-95ba-a4cc6f494910.jpg,650g,山姆APP,1752156078000,,芥末味,,加州原野（霸州市）食品有限责任公司,bb29c3c3-324e-48de-a96b-a0c897d3fa0e.jpg,,,,
recaXwl6qW,optFLbtqZe,中国,佛山,广东,单,Member's Mark盐焗开心果,休闲零食,坚果蜜饯,,SM-,SM,,,433c164c-ae09-4bc3-a5ce-102ec590994b.jpg,89,b7697c25-ccfa-4e3a-81a2-c5fcc12f9f8c.jpg,1.13kg,山姆APP,1752156078000,,盐焗味,,广东南兴天虹果仁制品有限公司,,,,,
recJ0sfa20,opt2cBU1pi,中国,保定,河北,单,都乐一颗小橘干,休闲零食,坚果蜜饯,,SM-,SM,,,ee2776bb-a766-4c50-91dd-dc7f165ac4fd.jpg,49.9,8b58439e-0fab-4a2c-98a7-aec03f7cbb46.jpg,500g,山姆APP,1752156078000,,,都乐包装食品（上海）有限公司,河北四方食品有限公司,,,,,
recS5oC1J8,optw0GS0HG,中国,泉州/滁州,福建/安徽,单,苹果黄芪饮,酒水饮料,果汁/植物饮,,SM-,SM,,,苹果饮1-标.jpg,69.9,苹果饮1-正.jpg,350ml,山姆APP,1752156078000,,,,福建盼盼饮料有限公司/安徽盼盼食品有限公司,苹果饮1-后.jpg,苹果饮1-外.jpg,350ml*24,,
recexGxJNE,opt3xGOCQK,中国,威海,山东,单,有机咸香花生仁,休闲零食,坚果蜜饯,,SM-,SM,,,60579f9c-2966-4fba-889c-c4efb64551be.jpg,39.8,8d526525-13c2-4c7f-8fbd-d4b5469b4851.jpg,630g,山姆APP,1752156078000,,,,华隆（乳山）食品工业有限公司,83eb5287-5894-4e94-af46-53c681a0f49a.jpg,,,,
recs5UGvHZ,optrvByY7F,中国,合肥,安徽,单,葵珍原味大瓜子,休闲零食,坚果蜜饯,,SM-,SM,,,3296dd4f-e4e7-4f85-ab34-0cd403fcf2f8.jpg,59.9,0c48b661-862c-4fb4-b8e3-985efd14350a.jpg,50g,山姆APP,1752156078000,,原味,,洽洽食品股份有限公司,ba86902e-88b6-4239-b6d2-390016f3632b.jpg,,50g*15袋,,
recgF69wR0,opt2BhQPf2,西班牙,,,单,Member's Mark 苹果汁,酒水饮料,果汁/植物饮,,SM-,SM,,,苹果汁1-标.jpg,83.9,苹果汁1-正.jpg,200ml,山姆APP,1752156078000,,,,,,苹果汁1-外.jpg,200ml*30,,
recRh9L1FO,optVYY0NQy,越南,,,单,Member's Mark盐焗腰果仁,休闲零食,坚果蜜饯,,SM-,SM,,,05838b52-35bf-4693-a870-8234657f4db3.jpg,99,bb8b3e63-3499-4992-99ed-ceeee09fff8e.jpg,1.1kg,山姆APP,1752156078000,,盐焗味,,,d10a410a-2dd4-4706-8e0c-f8760d8548f1.jpg,,,,
recsUm9xY1,opt2BY7JIB,中国,杭州,浙江,单,杭派碧根果仁,休闲零食,坚果蜜饯,,SM-,SM,,,763103d5-885c-4a69-bb52-17353fdf64bf.jpg,79.9,0a72479f-e133-416c-ac87-b7cd8018cfa9.jpg,500g,山姆APP,1752156078000,,原味,,杭州临安新杭派食品有限公司,,,,,
recVSB0wYm,optPeE9CkA,印尼,,,单,克恩兹原味木薯片,休闲零食,膨化食品,#小程序://大润发优鲜/bREASxLq5tLJVwp,DRF-,DRF,,,image.png,15.8,image.png,125g/袋,大润发,1752156078000,,原味,,,,,,,
rec07vQf9y,optmx82K7u,中国,廊坊,河北,单,松茸有机鱼皮花生（裹衣花生）,休闲零食,坚果蜜饯,,SM-,SM,,,6544b2c5-4d03-4381-b2e8-30aac069b58b.jpg,49.9,10c50fe9-c9aa-4518-8395-42b4fe5fc20f.jpg,1kg,山姆APP,1752156078000,,原味,,加州原野（霸州市）食品有限责任公司,ec46eafa-33c3-4e2d-bd74-05c0f2d367a3.jpg,,,,
recEE6E3C2,optzov2wiC,中国,天津,,单,都乐土耳其杏干,休闲零食,坚果蜜饯,,SM-,SM,,,3a6f026a-3448-4fbe-8ad5-99eaf134d7ff.jpg,76.9,48720e58-58b4-4f79-9789-e87497cd6ed4.jpg,800g,山姆APP,1752156078000,,,都乐包装食品（上海）有限公司,天津燕都甘栗食品有限公司,,,,,
rec7LAQJ7s,opt4VMtYaV,中国,泉州/滁州,福建/安徽,单,雪梨枇杷露,酒水饮料,果汁/植物饮,,SM-,SM,,,雪梨枇杷露1-标.jpg,69.9,雪梨枇杷露1-正.jpg,350ml,山姆APP,1752156078000,,,,福建盼盼饮料有限公司/安徽盼盼食品有限公司,,雪梨枇杷露1-外.jpg,350ml*15,,
recXcG3YSt,optfpNdaIm,中国,漳州,福建,单,有机冻干草莓,休闲零食,坚果蜜饯,,SM-,SM,,,fb857c62-a2ac-4d5f-bf96-f2828f223aa1.jpg,59.9,459328db-a3b3-480a-abe0-e062003705a2.jpg,15g,山姆APP,1752156078000,,,,福建立兴食品股份有限公司,,,15g*12包,,
recdE483m2,optFDCPgYQ,印尼,,,单,克恩兹烧烤味木薯片,休闲零食,膨化食品,#小程序://大润发优鲜/LxSKyLZ5ic8gZVi,DRF-,DRF,,,image.png,15.8,image.png,125g/袋,大润发,1752156078000,,烧烤味,,,,,,,
recbze5e6N,opt8ky56pk,中国,秦皇岛,河北,单,有机板栗仁,休闲零食,坚果蜜饯,,SM-,SM,,,4ed0aac7-d024-4910-9d7f-0e2d88b70e8b.jpg,68,93627c73-e847-4993-bd3a-b80654b7a6e7.jpg,1kg,山姆APP,1752156078000,,,,秦皇岛燕山板栗食品有限公司,0335d01d-2422-4af8-b9b0-57b5058cf03d.jpg,,,,
recS718l6E,optUEZ6kJ6,,,,单,臻香脆混合果仁（轻海盐口味）,休闲零食,坚果蜜饯,,SM-,SM,,,c7d35077-9347-4dc7-95d6-f32e46f11908.jpg,89.9,9145b2bb-498c-4a9f-a792-b9f9591b77ae.jpg,28g,山姆APP,1752156078000,,轻海盐口味,,,,,28g*30包,,
recXpiBoSN,opthtWQAB0,中国,成都,四川,单,华味享烧烤味牛板筋,休闲零食,肉干小食,,DRF-,DRF,,,image.png,13.8,image.png,65g,大润发,1752156078000,10.46,烧烤味,杭州华味享生物科技有限公司,四川品品食品有限公司,image.png,,,,
rec09KxZwA,optdCgl4OY,中国,苏州,江苏,单,奥利奥经典原味夹心饼干,休闲零食,饼干曲奇,,DRF-,DRF,,,,21.8,image.png,48.5g,大润发,1752156078000,17.9,原味,亿滋食品企业管理（上海）有限公司,亿滋食品（苏州）有限公司,image.png,,8包/盒,,
rec3buAaRf,optn7cnMun,日本,,,单,必思可牛奶味益生菌夹心饼干,休闲零食,饼干曲奇,#小程序://大润发优鲜/e8XbudkUuLIiWEI,DRF-,DRF,,,image.png,6.9,image.png,60g/盒,大润发,1752156078000,6.9,牛奶味,上海江崎格力高食品有限公司,,image.png,,3包/盒,,
recYSeYzJc,optlbMuWsE,中国,上海,上海,单,小辣椒牛肉干（沙嗲味）,休闲零食,肉干小食,,DRF-,DRF,,,,38.5,image.png,138g,大润发,1752156078000,,沙嗲味,上海海湾食品有限公司,上海海湾食品有限公司,image.png,,,,
rec9A73HnQ,optPSZiVlb,澳洲,,,单,雀巢美禄运动力量饼干,休闲零食,饼干曲奇,#小程序://大润发优鲜/0fA7l1zvayHde5c,DRF-,DRF,,,image.png,8.5,image.png,108g/盒,大润发,1752156078000,8.5,巧克力味,,,image.png,,,,
recKaHgFKE,optPSZiVlb,,,,单,雀巢美禄运动力量饼干,休闲零食,饼干曲奇,#小程序://大润发优鲜/c9JFVmgdhxSnnDI,DRF-,DRF,,,image.png,9.9,image.png,108g,大润发,1752156078000,8.5,牛奶味,,,image.png,,,,
recCdxxJiI,optxApr516,中国,湖州,浙江,单,母亲原切牛肉片,休闲零食,肉干小食,,DRF-,DRF,,,,19.9,image.png,40g,大润发,1752156078000,,原味/孜然味,母亲食品（安吉）有限公司,母亲食品（安吉）有限公司,image.png,,,,
recdgBf9sQ,optiQ7FLHI,中国,苏州,江苏,单,奥利奥冰淇淋抹茶味,休闲零食,饼干曲奇,#小程序://大润发优鲜/f5jj51ojrDZlXwo,DRF-,DRF,,,,6.5,image.png,97g,大润发,1752156078000,6.5,冰淇淋抹茶味,亿滋食品企业管理（上海）有限公司,亿滋食品（苏州）有限公司,image.png,,,,
recEcMWYOE,optkwojmj8,中国,天津,天津,单,康师傅3+2苏打夹心饼干（柠檬味）,休闲零食,饼干曲奇,#小程序://大润发优鲜/UgOemFJcWuxnPMH,DRF-,DRF,,,image.png,16,image.png,300g,大润发,1752156078000,16,柠檬味,天津顶园食品有限公司,天津顶园食品有限公司,image.png,,,,
recd75yD1y,optQqB6P27,中国,马鞍山,安徽,单,悠之优味牛古板牛蹄筋,休闲零食,肉干小食,,DRF-,DRF,,,image.png,9.9,image.png,48g,大润发,1752156078000,,酱香味,安徽悠之优味食品有限公司,安徽悠之优味食品有限公司,image.png,,,,
recpoJb1Hg,optephJVsQ,中国,天津,,单,康师傅3+2苏打夹心饼干（奶油味）,休闲零食,饼干曲奇,#小程序://大润发优鲜/WIPxE5xJpPycaUD,DRF-,DRF,,,image.png,16,image.png,300g,大润发,1752156078000,16,奶油味,天津顶园食品有限公司,天津顶园食品有限公司,image.png,,,,
recdTBbS9V,opt7g8xbbB,中国,,,单,奥利奥薄脆香草奥碎味,休闲零食,饼干曲奇,#小程序://大润发优鲜/tT9BE2Qasy3DJKu,DRF-,DRF,,,image.png,7.5,image.png,95g,大润发,1752156078000,6.25,香草奥碎味,,,,,,,
recbxp5b6k,optR55qogS,中国,北京,,单,奥利奥迷你榛子巧克力味夹心饼干,休闲零食,饼干曲奇,#小程序://大润发优鲜/h0eduTmjVphpMZm,DRF-,DRF,,,image.png,11.9,image.png,120g,大润发,1752156078000,10.23,榛子巧克力味,亿滋食品企业管理（上海）有限公司,亿滋食品（北京）有限公司,,,,,
reclHOCIBY,optzIldsbT,中国,潮州,广东,单,自然派蜜汁味牛肉脯,休闲零食,肉干小食,,DRF-,DRF,,,,18.2,image.png,75g,大润发,1752156078000,,蜜汁味,深圳市晋年贸易有限公司,潮州市华祖食品有限公司,image.png,,,,
recqEnaFeh,opt7U6gXG4,中国,嘉兴/乐山,浙江/四川,单,三只松鼠麻辣牛肉,休闲零食,肉干小食,,DRF-,DRF,,,,8.9,image.png,60g,大润发,1752156078000,,麻辣味,三只松鼠（无为）有限责任公司,浙江佳时食品有限公司/四川罗城牛肉食品有限公司,image.png,,,,
recfxckRqV,optJTWlv0H,马来西亚,,,单,茱蒂丝花生酱夹心饼干,休闲零食,饼干曲奇,#小程序://大润发优鲜/7ff8WYtmAJgP6Gl,DRF-,DRF,,,,13.9,image.png,135g,大润发,1752156078000,9.73,花生味,,,image.png,,,,
reckK0ABEr,optaRUzbUz,中国,上海,上海,单,小辣椒牛肉干,休闲零食,肉干小食,,DRF-,DRF,,,,35.8,image.png,100g,大润发,1752156078000,,沙爹味/香辣味,,上海海湾食品有限公司,image.png,,,,
recr34JeBP,optM8M1KWg,,,,单,奥利奥奶酪味夹心饼干,休闲零食,饼干曲奇,#小程序://大润发优鲜/DrhCmofL7f9iSjv,DRF-,DRF,,,image.png,9.9,image.png,194g,大润发,1752156078000,8.65,奶酪味,,,,,,,
reczZTtHCL,optEnGi80R,中国,綦江区,重庆,单,老四川牛肉粒,休闲零食,肉干小食,,DRF-,DRF,,,image.png,19.8,image.png,200g,大润发,1752156078000,,五香味,,重庆金星股份有限公司,image.png,,,,
recOC8o17P,opt0KyXutO,中国,马鞍山,安徽,单,悠之优味牛古板牛肚,休闲零食,肉干小食,,DRF-,DRF,,,,9.9,image.png,48g,大润发,1752156078000,,孜香味,安徽悠之优味食品有限公司,安徽悠之优味食品有限公司,image.png,,,,
recGIVEvIz,optIHxigkp,,,,单,乐之夹心可酥饼缤纷口味分享装,休闲零食,饼干曲奇,#小程序://大润发优鲜/A63rIUXd2ajUVNw,DRF-,DRF,,,,28.5,image.png,402g,大润发,1752156078000,28.5,双重芝士味*4+柠檬巴斯克味*4+咸蛋黄乳酪味*4,,,,,12包/盒,,
reclMbeZ8a,optLJj4Fec,中国,马鞍山,安徽,单,悠之优味牛古板牛板筋,休闲零食,肉干小食,,DRF-,DRF,,,,9.9,image.png,48g,大润发,1752156078000,,烧烤味,安徽悠之优味食品有限公司,安徽悠之优味食品有限公司,image.png,,,,
recP1GuBgU,optIURmpe1,中国,马鞍山,安徽,单,悠之优味牛古板火锅牛百叶,休闲零食,肉干小食,,DRF-,DRF,,,,9.9,image.png,48g,大润发,1752156078000,,麻辣味,安徽悠之优味食品有限公司,安徽悠之优味食品有限公司,image.png,,,,
recIftGe8L,optCy4uEpt,日本,,,单,格力高必思可益生菌夹心饼干,休闲零食,饼干曲奇,#小程序://大润发优鲜/MTEZIiwH1Pre1tF,DRF-,DRF,,,,7.9,image.png,60g,大润发,1752156078000,6.9,草莓味,上海江崎格力高食品有限公司,,image.png,,,,
recuvHQXhK,opt0irwBBN,中国,香港,香港,单,朱古力牛奶饮品,酒水饮料,果汁/植物饮,,SM-,SM,,,维他朱古力奶1-标.jpg,89.8,维他朱古力奶1-正.jpg,250ml,山姆APP,1752156078000,,,,维他奶国际集团有限公司,,维他朱古力奶1-外.jpg,250ml*24,,
recSbZmuKU,optwcIGi37,,,,单,奥利奥夹心饼干,休闲零食,饼干曲奇,#小程序://大润发优鲜/0wJLUZQeEaUGYOB,DRF-,DRF,,,image.png,11.5,image.png,194g,大润发,1752156078000,9.9,生日蛋糕味、白桃乌龙味,,,,,,,
recAQee5Bo,optwcIGi37,中国,苏州,江苏,单,奥利奥夹心饼干,休闲零食,饼干曲奇,#小程序://大润发优鲜/KohXGKIwROOlwbK,DRF-,DRF,,,,6.5,image.png,97g,大润发,1752156078000,6.5,白桃乌龙味,亿滋食品企业管理（上海）有限公司,亿滋食品（苏州）有限公司,image.png,,,,
recfFQEx8A,optwT0Hgbp,中国,天津,,单,康师傅3+2苏打夹心饼干,休闲零食,饼干曲奇,#小程序://大润发优鲜/bFAX02OZOH0lvIJ,DRF-,DRF,,,,16.8,image.png,375g,大润发,1752156078000,16.8,柠檬味、香草巧克力味、蓝莓味,天津顶园食品有限公司,天津顶园食品有限公司,image.png,,,,
recflt6vY5,optI6gYxRi,,,,单,奥利奥薄脆夹心饼干,休闲零食,饼干曲奇,#小程序://大润发优鲜/SgsKt7rJ3Pq3vYE,DRF-,DRF,,,,7.5,image.png,95g,大润发,1752156078000,6.25,草莓味、抹茶无花果味,,,image.png,,,,
recsvP79tZ,optI6gYxRi,中国,,,单,奥利奥薄脆夹心饼干,休闲零食,饼干曲奇,#小程序://大润发优鲜/8L60CIkJ1rwtmfp,DRF-,DRF,,,image.png,13.8,image.png,190g,大润发,1752156078000,12.13,香草奥碎味,,,,,,,
recYfqYd5u,optBWBV4YJ,中国,泰州,江苏,单,华味享精制猪肉脯,休闲零食,肉干小食,,DRF-,DRF,,,image.png,22.7,image.png,120g,大润发,1752156078000,15.9,原味/白芝麻味,杭州华味享生物科技有限公司,靖江市味乐食品有限公司,image.png,,,,
rechIWUUtt,optBRJHGrV,中国,泰州,江苏,单,可其三阳肉脯,休闲零食,肉干小食,,DRF-,DRF,,,,39.7,image.png,250g,大润发,1752156078000,,原味/香辣味,靖江三阳食品有限公司,靖江三阳食品有限公司,image.png,,,,
recLZaX6e0,optYgsr2jX,中国,苏州/无锡,江苏,单,多肉爆汁柚子 复合果汁饮品,酒水饮料,果汁/植物饮,,SM-,SM,,,柚子汁1-标.jpg,89.9,柚子汁1-正.jpg,270g,山姆APP,1752156078000,,,统一企业（中国）投资有限公司,昆山统实企业有限公司/无锡统一实业包装有限公司,柚子汁1-后.jpg,柚子汁1-外.jpg,270g*15,,
recoXlqqSF,opt0eOn3SW,中国,,,单,好麦芝士夹心饼干,休闲零食,饼干曲奇,#小程序://大润发优鲜/Q3weMOjRcBN3MDb,DRF-,DRF,,,image.png,16.9,image.png,216g,大润发,1752156078000,16.9,芝士味,,,,,,,
recmuKD1Ga,optCmhmJQ2,中国,麓山区,重庆,单,有友山椒猪皮晶,休闲零食,肉干小食,,DRF-,DRF,,,,11,image.png,120g,大润发,1752156078000,10.4,山椒味,有友食品股份有限公司,有友食品重庆制造有限公司,image.png,,,,
reca3z4OH1,optq82in2C,中国,济南,山东,单,爱时乐夹心棒,休闲零食,饼干曲奇,#小程序://大润发优鲜/RwIfkTM4mqYRTYE,DRF-,DRF,,,image.png,18.9,image.png,150g,大润发,1752156078000,13.9,巧克力味、香草牛奶味,,,,,,,
recZu6WSa2,opt16gKFOJ,中国,泰州,江苏,单,百草味精制猪肉脯,休闲零食,肉干小食,,DRF-,DRF,,,image.png,13.9,image.png,80g,大润发,1752156078000,12.23,原味,杭州赫姆斯食品有限公司,靖江市味乐食品有限公司,image.png,,,,
recKYUZutS,optNHesbUa,马来西亚,,,单,马奇新新力士岩盐夹心饼干,休闲零食,饼干曲奇,#小程序://大润发优鲜/unND1qgxekS4nHr,DRF-,DRF,,,,9.9,image.png,95g,大润发,1752156078000,6.9,巧克力味、香草味,满奇制造商贸（上海）有限公司,,image.png,,,,
rece15XebK,optgWZHqIC,中国,北京,,单,奥利奥0糖夹心饼干,休闲零食,饼干曲奇,#小程序://大润发优鲜/N7r7RPUQ0P5SGes,DRF-,DRF,,,,21.8,image.png,320g,大润发,1752156078000,18.8,原味,亿滋食品企业管理（上海）有限公司,亿滋食品（北京）有限公司,image.png,,,,
rec8DhdvUG,optfeEsH7D,中国,成都,四川,单,百草味川香猪肉片,休闲零食,肉干小食,,DRF-,DRF,,,,16.9,image.png,85g,大润发,1752156078000,14.4,川香麻辣味,杭州赫姆斯食品有限公司,四川老川东食品有限公司,image.png,,,,
recIrw0nsH,optyz47zib,中国,郑州,河南,单,白象方便面多半袋香辣牛肉面140g*5袋,方便速食,方便面,白象方便面多半袋香辣牛肉面140g*5袋方便速食泡面-tmall.com天猫,MC-,MC,,,image.png,18.9,image.png,140g*5袋,猫超,1752156078000,12.16,香辣牛肉,,白象食品股份有限公司（代号：郑州）,image.png,,,,
rec1kEUYEi,optBVshu7N,马来西亚,,,单,茱蒂丝雷蒙德柠檬夹心饼干,休闲零食,饼干曲奇,#小程序://大润发优鲜/dqRAtzBRbosEg7u,DRF-,DRF,,,,21.9,image.png,70g,大润发,1752156078000,15.33,柠檬味,星阔（上海）实业有限公司,茱莉制造有限公司,image.png,,,,
recGY8UhnP,optrsFqxL9,中国,漳州,福建,单,巷仔边香脆猪肉脯,休闲零食,肉干小食,,DRF-,DRF,,,image.png,7.9,image.png,30g,大润发,1752156078000,6.9,原味/香辣味,,,,,,,
rec7auo3fM,optiXun4OH,中国,滁州,安徽,单,100%NFC橙汁,酒水饮料,果汁/植物饮,,SM-,SM,,,橙汁1-标.jpg,99.9,橙汁1-正.jpg,200ml,山姆APP,1752156078000,,,上海佳果源食品科技有限公司,滁州华冠饮料饮料有限公司,,橙汁1-外.jpg,200ml*25,,
reczQVsEfv,opt3SpPs3W,中国,泰州,江苏,单,立丰猪肉脯,休闲零食,肉干小食,,DRF-,DRF,,,image.png,35.6,image.png,148g,大润发,1752156078000,,原味,上海立丰食品有限公司,靖江市豪莱顿食品有限公司,image.png,,,,
recWqS1LOm,optU4RCTzg,中国,,,单,奥利奥红颜丹香夹心饼干,休闲零食,饼干曲奇,#小程序://大润发优鲜/GTLafOOrjKz4pso,DRF-,DRF,,,image.png,11.5,image.png,194g,大润发,1752156078000,9.83,奶油牡丹味,,,,,,,
recU9qtSVU,optA8OW9xQ,马来西亚,,,单,茱蒂丝乳酪三明治饼干,休闲零食,饼干曲奇,#小程序://大润发优鲜/fKRULpUjkKFNy0H,DRF-,DRF,,,,13.9,image.png,126g,大润发,1752156078000,9.73,乳酪味,星阔（上海）实业有限公司,茱莉制造有限公司,image.png,,,,
reckW11qyV,optHHCEuzQ,中国,淮北,安徽,单,嘉士利果乐果香夹心饼干,休闲零食,饼干曲奇,#小程序://大润发优鲜/8WxOXI8ISFPCl8g,DRF-,DRF,,,,13.8,image.png,300g,大润发,1752156078000,11.9,蓝莓味、草莓味、青柠味,广东嘉士利食品集团有限公司,思朗食品有限公司,image.png,,,,
recmAUCp9r,optYvJJXlD,日本,,,单,冬己夹心饼干,休闲零食,饼干曲奇,#小程序://大润发优鲜/WQ4hovCBvqP2uep,DRF-,DRF,,,,8.6,image.png,106g,大润发,1752156078000,8.6,咸蛋黄味、黑糖味,,,image.png,,,,
recFXwYVQO,optsW6827v,中国,嘉兴,浙江,单,百草味果木香香烤肉,休闲零食,肉干小食,,DRF-,DRF,,,,19.5,image.png,85g,大润发,1752156078000,17,原味,杭州赫姆斯食品有限公司,浙江青莲食品股份有限公司,image.png,,,,
recQ64Hxnn,optDsqK32G,比利时,,,单,比时卡焦糖夹心饼干,休闲零食,饼干曲奇,#小程序://大润发优鲜/P8yB8J4rZn1QEFl,DRF-,DRF,,,image.png,17.9,image.png,110g,大润发,1752156078000,17.9,牛奶巧克力味、香草味,莲乐饼干贸易（上海）有限公司,,,,,,
recbvHPEIw,opt8sbL9be,瑞典,,,单,咖啡大师燕麦饮料（谷物饮料）,酒水饮料,果汁/植物饮,,SM-,SM,,,燕麦奶1-标.jpg,59.9,燕麦奶1-正.jpg,1L,山姆APP,1752156078000,,,,,燕麦奶1-后.jpg,燕麦奶1-外.jpg,1L*6,,
recyyDn25j,optHsV2rED,中国,潮州,广东,单,自然派猪肉脯,休闲零食,肉干小食,,DRF-,DRF,,,image.png,13.8,image.png,75g,大润发,1752156078000,,炭烤味/蜜汁味,,,,image.png,75g*4袋,,
rec2BDm2Ld,optu9WHT3j,中国,,,单,奥利奥状元芝香夹心饼干,休闲零食,饼干曲奇,#小程序://大润发优鲜/4aRmlG1q4n21qFk,DRF-,DRF,,,image.png,11.5,image.png,194g,大润发,1752156078000,9.9,芝麻奶酥味,,,,,,,
rec58iffAB,optYkg5irl,中国,温州,浙江,单,乡下香猪蹄,休闲零食,肉干小食,,DRF-,DRF,,,image.png,19.9,image.png,130g,大润发,1752156078000,,五香味,,,image.png,,,,
rec1fBFu2C,opt1JtNFTw,中国,郑州,河南,单,经典火鸡拌面,方便速食,方便面,白象大辣娇经典火鸡面夜宵方便面方便速食泡面-tmall.com天猫,MC-,MC,,,image.png,18.9,image.png,119g*5袋,猫超,1752156078000,12.34,经典火鸡面,,白象食品股份有限公司（代号：郑州）,image.png,,,,
recoc4i14B,optb6cbEeA,中国,苏州,江苏,单,奥利奥巧轻脆0糖薄片饼干,休闲零食,饼干曲奇,#小程序://大润发优鲜/mQArtf96YaVBZjC,DRF-,DRF,,,image.png,8.8,image.png,95g,大润发,1752156078000,7.55,花漾玫瑰味,亿滋食品企业管理（上海）有限公司,亿滋食品（苏州）有限公司,image.png,,,,
recWSv9q5T,opth6Iilh5,中国,温州,浙江,单,萨啦咪烤肉片,休闲零食,肉干小食,,DRF-,DRF,,,,19.9,image.png,95g,大润发,1752156078000,,原味,,温州萨啦咪食品有限公司,image.png,,,,
reclWjVLdC,optvo4Brq8,泰国,,,单,乐天小熊饼干,休闲零食,饼干曲奇,#小程序://大润发优鲜/Hz6tWX9s4M8C2dF,DRF-,DRF,,,image.png,29.9,image.png,195g,大润发,1752156078000,23.92,巧克力味、草莓味,,,,,,,
recZN6xHVS,optO1DdnQb,中国,上海,上海,单,小辣椒果汁猪肉,休闲零食,肉干小食,,DRF-,DRF,,,image.png,34.9,image.png,110g,大润发,1752156078000,,,,上海海湾食品有限公司,image.png,,,,
recSD1mC6N,optTv6q7bp,中国,天津,,单,康师傅甜酥夹心饼干,休闲零食,饼干曲奇,#小程序://大润发优鲜/3U5Y6oPEvvv0JDn,DRF-,DRF,,,,5,image.png,80g,大润发,1752156078000,5,榛子巧克力味,天津顶园食品有限公司,天津顶园食品有限公司,image.png,,,,
recHzRpcoP,optqOHCdkd,中国,泰州,江苏,单,飘零大叔猪肉脯,休闲零食,肉干小食,,DRF-,DRF,,,image.png,18.8,image.png,80g,大润发,1752156078000,16.5,原味/香辣味,靖江市悠味食品有限公司,靖江众阳食品有限公司,image.png,,,,
recepyKz0Z,optNOE7vrM,中国,嘉兴,浙江,单,荷美尔小烤肉,休闲零食,肉干小食,,DRF-,DRF,,,image.png,24.9,image.png,90g,大润发,1752156078000,,川味/椰香,荷美尔(中国)投资有限公司,赢兴荷美尔食品有限公司,image.png,,,,
recBDRwwCm,optxSCpVgZ,中国,漳州,福建,单,信达地道肉肠,休闲零食,肉干小食,,DRF-,DRF,,,image.png,25.9,image.png,190g,大润发,1752156078000,,原味,,龙海市新信达食品有限公司,image.png,,,,
recpHnLE0C,opti9rAvMO,中国,上海,,单,阿华田酷脆心情夹心饼干,休闲零食,饼干曲奇,#小程序://大润发优鲜/9qLMHZIvxcoKavJ,DRF-,DRF,,,image.png,8.5,image.png,90g,大润发,1752156078000,6.9,巧克力味、麦香牛乳味,上海英联食品饮料有限公司,上海麦宝食品有限公司,image.png,,,,
recS5cJBqN,opt68vnl4b,日本,,,单,松永豆沙夹心饼干,休闲零食,饼干曲奇,#小程序://大润发优鲜/pOulOH2sdy26b8I,DRF-,DRF,,,image.png,26,image.png,220g,大润发,1752156078000,26,红豆味,,,image.png,,,,
rec5VqTHCj,opt8Z2mLKE,中国,上海,上海,单,坚果乳植物蛋白饮料,酒水饮料,果汁/植物饮,,SM-,SM,,,坚果乳1-标.jpg,89.9,坚果乳1-正.jpg,250ml,山姆APP,1752156078000,,,统一企业（中国）投资有限公司,上海文辉食品工业有限公司,,坚果乳1-外.jpg,250ml*18,,
recWSJj59e,opt8RbB8gL,比利时,,,单,和情缤咖时焦糖夹心饼干,休闲零食,饼干曲奇,#小程序://大润发优鲜/hvage4QKclX4tNa,DRF-,DRF,,,,19.9,image.png,150g,大润发,1752156078000,19.9,原味,莲乐饼干贸易（上海）有限公司,,image.png,,,,
reczkoqrAQ,optbHSD6y0,日本,,,单,星七牌夹心饼干,休闲零食,饼干曲奇,#小程序://大润发优鲜/kLqJHNMHnA0vqvq,DRF-,DRF,,,image.png,14.3,image.png,95g,大润发,1752156078000,14.3,可可奶油味,星七（上海）国际贸易有限公司,,,,,,
recwsg2G8T,optgpnmRk7,中国,揭阳,广东,单,赛味馆夹心饼干,休闲零食,饼干曲奇,#小程序://大润发优鲜/hZ1UmnnbgwFdpUf,DRF-,DRF,,,,15.9,image.png,136g,大润发,1752156078000,15.9,柠檬味,北京明大天润商贸有限公司,广东益昇食品有限公司,image.png,,,,
recJz8A4iQ,opt6d6XMfZ,中国,揭阳,广东,单,赛味馆黑糖麦芽饼,休闲零食,饼干曲奇,,DRF-,DRF,,,微信图片_2025-07-10_164346_566.jpg,19.3,image.png,206g,大润发,1752156078000,19.3,原味,北京明大天润商贸有限公司,广东益昇食品有限公司,image.png,,,,
