ProductID,ProductName,ImageType,FileName
20250708-004,100%番茄复合果蔬汁,front,20250708-004_正面图片_0.jpg
20250708-004,100%番茄复合果蔬汁,label,20250708-004_标签照片_0.jpg
20250708-004,100%番茄复合果蔬汁,package,20250708-004_外包装图片_0.jpg
20250708-005,100%橙汁,front,20250708-005_正面图片_0.jpg
20250708-005,100%橙汁,package,20250708-005_外包装图片_0.jpg
20250708-006,100%芒果复合果汁,front,20250708-006_正面图片_0.jpg
20250708-006,100%芒果复合果汁,label,20250708-006_标签照片_0.jpg
20250708-006,100%芒果复合果汁,package,20250708-006_外包装图片_0.jpg
20250708-007,100%葡萄复合果汁,front,20250708-007_正面图片_0.jpg
20250708-007,100%葡萄复合果汁,label,20250708-007_标签照片_0.jpg
20250708-008,盐焗味开心果,front,20250708-008_正面图片_0.jpg
20250708-009,原味腰果仁,label,20250708-009_标签照片_0.jpg
20250708-010,原味开心果,front,20250708-010_正面图片_0.jpg
20250709-013,多口味燕麦脆礼盒,front,20250709-013_正面图片_0.png
20250709-013,多口味燕麦脆礼盒,label,20250709-013_标签照片_0.png
20250709-016,草莓水果燕麦脆,front,20250709-016_正面图片_0.png
20250709-016,草莓水果燕麦脆,back,20250709-016_背面图片_0.png
20250709-018,每日坚果燕麦脆,front,20250709-018_正面图片_0.png
20250709-018,每日坚果燕麦脆,back,20250709-018_背面图片_0.png
20250709-019,酸奶水果燕麦脆,front,20250709-019_正面图片_0.png
20250709-019,酸奶水果燕麦脆,back,20250709-019_背面图片_0.png
20250709-020,果仁列巴,label,20250709-020_标签照片_0.png
20250709-021,文得福糯米锅巴,front,20250709-021_正面图片_0.png
20250709-021,文得福糯米锅巴,label,20250709-021_标签照片_0.png
20250709-022,盛耳银耳椰香薏米啵啵粥,front,20250709-022_正面图片_0.png
20250709-022,盛耳银耳椰香薏米啵啵粥,back,20250709-022_背面图片_0.png
20250709-022,盛耳银耳椰香薏米啵啵粥,label,20250709-022_标签照片_0.png
20250709-023,银鲈鱼干,front,20250709-023_正面图片_0.png
20250709-023,银鲈鱼干,back,20250709-023_背面图片_0.png
20250709-023,银鲈鱼干,label,20250709-023_标签照片_0.png
20250709-024,鳕鱼干,front,20250709-024_正面图片_0.png
20250709-024,鳕鱼干,back,20250709-024_背面图片_0.png
20250709-024,鳕鱼干,label,20250709-024_标签照片_0.png
20250709-025,香辣牛肉条,front,20250709-025_正面图片_0.png
20250709-025,香辣牛肉条,label,20250709-025_标签照片_0.png
20250709-026,芋泥麻薯酥饼红豆蛋黄酥饼组合,front,20250709-026_正面图片_0.png
20250709-026,芋泥麻薯酥饼红豆蛋黄酥饼组合,label,20250709-026_标签照片_0.png
20250709-027,乐事马铃薯片,front,20250709-027_正面图片_0.png
20250709-027,乐事马铃薯片,back,20250709-027_背面图片_0.png
20250709-027,乐事马铃薯片,label,20250709-027_标签照片_0.png
20250709-028,乐事马铃薯片,front,20250709-028_正面图片_0.png
20250709-028,乐事马铃薯片,back,20250709-028_背面图片_0.png
20250709-028,乐事马铃薯片,label,20250709-028_标签照片_0.png
20250709-029,乐事马铃薯片,front,20250709-029_正面图片_0.png
20250709-029,乐事马铃薯片,back,20250709-029_背面图片_0.png
20250709-029,乐事马铃薯片,label,20250709-029_标签照片_0.png
20250709-030,乐事马铃薯片,front,20250709-030_正面图片_0.png
20250709-030,乐事马铃薯片,back,20250709-030_背面图片_0.png
20250709-030,乐事马铃薯片,label,20250709-030_标签照片_0.png
20250709-031,乐事马铃薯片,front,20250709-031_正面图片_0.png
20250709-031,乐事马铃薯片,back,20250709-031_背面图片_0.png
20250709-032,乐事马铃薯片,front,20250709-032_正面图片_0.png
20250709-032,乐事马铃薯片,back,20250709-032_背面图片_0.png
20250709-033,乐事马铃薯片,front,20250709-033_正面图片_0.png
20250709-033,乐事马铃薯片,back,20250709-033_背面图片_0.png
20250709-033,乐事马铃薯片,label,20250709-033_标签照片_0.png
20250709-034,乐事马铃薯片,front,20250709-034_正面图片_0.png
20250709-034,乐事马铃薯片,back,20250709-034_背面图片_0.png
20250709-034,乐事马铃薯片,label,20250709-034_标签照片_0.png
20250709-035,乐事马铃薯片,front,20250709-035_正面图片_0.png
20250709-035,乐事马铃薯片,back,20250709-035_背面图片_0.png
20250709-035,乐事马铃薯片,label,20250709-035_标签照片_0.png
20250709-036,乐事马铃薯片,front,20250709-036_正面图片_0.png
20250709-036,乐事马铃薯片,back,20250709-036_背面图片_0.png
20250709-036,乐事马铃薯片,label,20250709-036_标签照片_0.png
20250709-037,乐事马铃薯片,front,20250709-037_正面图片_0.png
20250709-037,乐事马铃薯片,back,20250709-037_背面图片_0.png
20250709-037,乐事马铃薯片,label,20250709-037_标签照片_0.png
20250709-038,乐事马铃薯片,front,20250709-038_正面图片_0.png
20250709-038,乐事马铃薯片,back,20250709-038_背面图片_0.png
20250709-038,乐事马铃薯片,label,20250709-038_标签照片_0.png
20250709-039,乐事马铃薯片,front,20250709-039_正面图片_0.png
20250709-039,乐事马铃薯片,back,20250709-039_背面图片_0.png
20250709-039,乐事马铃薯片,label,20250709-039_标签照片_0.png
20250709-040,乐事马铃薯片,front,20250709-040_正面图片_0.png
20250709-040,乐事马铃薯片,back,20250709-040_背面图片_0.png
20250709-040,乐事马铃薯片,label,20250709-040_标签照片_0.png
20250709-041,乐事马铃薯片,front,20250709-041_正面图片_0.png
20250709-041,乐事马铃薯片,back,20250709-041_背面图片_0.png
20250709-041,乐事马铃薯片,label,20250709-041_标签照片_0.png
20250709-042,乐事马铃薯片,front,20250709-042_正面图片_0.png
20250709-042,乐事马铃薯片,back,20250709-042_背面图片_0.png
20250709-042,乐事马铃薯片,label,20250709-042_标签照片_0.png
20250709-043,乐事马铃薯片,front,20250709-043_正面图片_0.png
20250709-043,乐事马铃薯片,back,20250709-043_背面图片_0.png
20250709-043,乐事马铃薯片,label,20250709-043_标签照片_0.png
20250709-044,乐事马铃薯片,front,20250709-044_正面图片_0.png
20250709-044,乐事马铃薯片,back,20250709-044_背面图片_0.png
20250709-044,乐事马铃薯片,label,20250709-044_标签照片_0.png
20250709-045,乐事马铃薯片,front,20250709-045_正面图片_0.png
20250709-045,乐事马铃薯片,back,20250709-045_背面图片_0.png
20250709-045,乐事马铃薯片,label,20250709-045_标签照片_0.png
20250709-046,乐事马铃薯片,front,20250709-046_正面图片_0.png
20250709-046,乐事马铃薯片,back,20250709-046_背面图片_0.png
20250709-046,乐事马铃薯片,label,20250709-046_标签照片_0.png
20250709-047,乐事马铃薯片,front,20250709-047_正面图片_0.png
20250709-047,乐事马铃薯片,back,20250709-047_背面图片_0.png
20250709-047,乐事马铃薯片,label,20250709-047_标签照片_0.png
20250709-048,乐事马铃薯片,front,20250709-048_正面图片_0.png
20250709-048,乐事马铃薯片,back,20250709-048_背面图片_0.png
20250709-048,乐事马铃薯片,label,20250709-048_标签照片_0.png
20250709-049,乐事马铃薯片,front,20250709-049_正面图片_0.png
20250709-049,乐事马铃薯片,back,20250709-049_背面图片_0.png
20250709-049,乐事马铃薯片,label,20250709-049_标签照片_0.png
20250709-052,盛耳鲜炖速食元气满满五红粥,front,20250709-052_正面图片_0.png
20250709-052,盛耳鲜炖速食元气满满五红粥,back,20250709-052_背面图片_0.png
20250709-052,盛耳鲜炖速食元气满满五红粥,label,20250709-052_标签照片_0.png
20250709-052,盛耳鲜炖速食元气满满五红粥,package,20250709-052_外包装图片_0.png
20250709-053,压榨一级花生油,front,20250709-053_正面图片_0.png
20250709-053,压榨一级花生油,label,20250709-053_标签照片_0.png
20250709-053,压榨一级花生油,package,20250709-053_外包装图片_0.png
20250709-054,盛耳桂圆红枣银耳粥,front,20250709-054_正面图片_0.png
20250709-054,盛耳桂圆红枣银耳粥,label,20250709-054_标签照片_0.png
20250709-054,盛耳桂圆红枣银耳粥,package,20250709-054_外包装图片_0.png
20250709-055,零反式脂肪葵花籽油,front,20250709-055_正面图片_0.png
20250709-055,零反式脂肪葵花籽油,label,20250709-055_标签照片_0.png
20250709-055,零反式脂肪葵花籽油,package,20250709-055_外包装图片_0.png
20250709-056,100%椰子水,front,20250709-056_正面图片_0.png
20250709-056,100%椰子水,label,20250709-056_标签照片_0.png
20250709-056,100%椰子水,package,20250709-056_外包装图片_0.png
20250709-057,小磨芝麻酱,front,20250709-057_正面图片_0.png
20250709-057,小磨芝麻酱,label,20250709-057_标签照片_0.png
20250709-058,乐事无限薯片,front,20250709-058_正面图片_0.png
20250709-058,乐事无限薯片,back,20250709-058_背面图片_0.png
20250709-058,乐事无限薯片,label,20250709-058_标签照片_0.png
20250709-059,乐事无限薯片,front,20250709-059_正面图片_0.png
20250709-059,乐事无限薯片,back,20250709-059_背面图片_0.png
20250709-059,乐事无限薯片,label,20250709-059_标签照片_0.png
20250709-060,乐事无限薯片,front,20250709-060_正面图片_0.png
20250709-060,乐事无限薯片,back,20250709-060_背面图片_0.png
20250709-060,乐事无限薯片,label,20250709-060_标签照片_0.png
20250709-061,乐事无限薯片,front,20250709-061_正面图片_0.png
20250709-061,乐事无限薯片,label,20250709-061_标签照片_0.png
20250709-062,乐事无限薯片,front,20250709-062_正面图片_0.png
20250709-062,乐事无限薯片,label,20250709-062_标签照片_0.png
20250709-063,乐事无限薯片,front,20250709-063_正面图片_0.png
20250709-063,乐事无限薯片,label,20250709-063_标签照片_0.png
20250709-065,乐事无限薯片,front,20250709-065_正面图片_0.png
20250709-065,乐事无限薯片,label,20250709-065_标签照片_0.png
20250709-066,乐事无限薯片,front,20250709-066_正面图片_0.png
20250709-066,乐事无限薯片,label,20250709-066_标签照片_0.png
20250709-067,乐事无限薯片,front,20250709-067_正面图片_0.png
20250709-067,乐事无限薯片,back,20250709-067_背面图片_0.png
20250709-067,乐事无限薯片,label,20250709-067_标签照片_0.png
20250709-068,盛耳炖炖好速食粥私房牛肉粥,front,20250709-068_正面图片_0.png
20250709-068,盛耳炖炖好速食粥私房牛肉粥,label,20250709-068_标签照片_0.png
20250709-069,青提牛奶,front,20250709-069_正面图片_0.png
20250709-069,青提牛奶,label,20250709-069_标签照片_0.png
20250709-069,青提牛奶,package,20250709-069_外包装图片_0.png
20250709-070,蜜瓜牛乳,front,20250709-070_正面图片_0.png
20250709-070,蜜瓜牛乳,back,20250709-070_背面图片_0.png
20250709-070,蜜瓜牛乳,label,20250709-070_标签照片_0.png
20250709-070,蜜瓜牛乳,package,20250709-070_外包装图片_0.png
20250709-071,高蛋白肉脯,front,20250709-071_正面图片_0.png
20250709-071,高蛋白肉脯,back,20250709-071_背面图片_0.png
20250709-072,芥末味绿蚕豆,front,20250709-072_正面图片_0.png
20250709-072,芥末味绿蚕豆,back,20250709-072_背面图片_0.png
20250709-072,芥末味绿蚕豆,label,20250709-072_标签照片_0.png
20250709-073,良品铺子炭烤金钱脯（烤肉）,front,20250709-073_正面图片_0.png
20250709-073,良品铺子炭烤金钱脯（烤肉）,label,20250709-073_标签照片_0.png
20250709-073,良品铺子炭烤金钱脯（烤肉）,package,20250709-073_外包装图片_0.png
20250709-074,上好佳田园薯片,front,20250709-074_正面图片_0.png
20250709-074,上好佳田园薯片,back,20250709-074_背面图片_0.png
20250709-074,上好佳田园薯片,label,20250709-074_标签照片_0.png
20250709-075,上好佳田园薯片,front,20250709-075_正面图片_0.png
20250709-075,上好佳田园薯片,back,20250709-075_背面图片_0.png
20250709-075,上好佳田园薯片,label,20250709-075_标签照片_0.png
20250709-076,上好佳田园薯片,front,20250709-076_正面图片_0.png
20250709-076,上好佳田园薯片,back,20250709-076_背面图片_0.png
20250709-076,上好佳田园薯片,label,20250709-076_标签照片_0.png
20250709-077,洽洽小黄袋每日坚果（全坚果款）,front,20250709-077_正面图片_0.png
20250709-077,洽洽小黄袋每日坚果（全坚果款）,label,20250709-077_标签照片_0.png
20250709-077,洽洽小黄袋每日坚果（全坚果款）,package,20250709-077_外包装图片_0.png
20250709-078,来伊份高蛋白肉脯自然片,front,20250709-078_正面图片_0.png
20250709-078,来伊份高蛋白肉脯自然片,back,20250709-078_背面图片_0.png
20250709-078,来伊份高蛋白肉脯自然片,label,20250709-078_标签照片_0.png
20250709-079,爆汁牛筋肉肠,front,20250709-079_正面图片_0.png
20250709-079,爆汁牛筋肉肠,back,20250709-079_背面图片_0.png
20250709-079,爆汁牛筋肉肠,label,20250709-079_标签照片_0.png
20250709-080,开心果仁（蒜香风味&海盐风味）,front,20250709-080_正面图片_0.png
20250709-080,开心果仁（蒜香风味&海盐风味）,label,20250709-080_标签照片_0.png
20250709-081,苹果干,front,20250709-081_正面图片_0.png
20250709-081,苹果干,label,20250709-081_标签照片_0.png
20250709-082,Calbee牌Jagabee淡盐味薯条,front,20250709-082_正面图片_0.png
20250709-082,Calbee牌Jagabee淡盐味薯条,label,20250709-082_标签照片_0.png
20250709-082,Calbee牌Jagabee淡盐味薯条,gift,20250709-082_赠品图片_0.png
20250709-083,每日黑巧鲜萃黑巧巧克力制品（香醇榛子味）,front,20250709-083_正面图片_0.png
20250709-083,每日黑巧鲜萃黑巧巧克力制品（香醇榛子味）,label,20250709-083_标签照片_0.png
20250709-083,每日黑巧鲜萃黑巧巧克力制品（香醇榛子味）,package,20250709-083_外包装图片_0.png
20250709-085,椰子水,label,20250709-085_标签照片_0.png
20250709-085,椰子水,package,20250709-085_外包装图片_0.png
20250709-086,精酿黑啤酒,front,20250709-086_正面图片_0.png
20250709-086,精酿黑啤酒,label,20250709-086_标签照片_0.png
20250709-087,精酿小麦啤酒,front,20250709-087_正面图片_0.png
20250709-087,精酿小麦啤酒,label,20250709-087_标签照片_0.png
20250709-087,精酿小麦啤酒,package,20250709-087_外包装图片_0.png
20250709-088,精酿小麦啤酒,front,20250709-088_正面图片_0.png
20250709-088,精酿小麦啤酒,label,20250709-088_标签照片_0.png
20250709-089,海鳗鱼干,front,20250709-089_正面图片_0.png
20250709-089,海鳗鱼干,back,20250709-089_背面图片_0.png
20250709-089,海鳗鱼干,label,20250709-089_标签照片_0.png
20250709-090,椰子饮料,front,20250709-090_正面图片_0.png
20250709-090,椰子饮料,label,20250709-090_标签照片_0.png
20250709-090,椰子饮料,package,20250709-090_外包装图片_0.png
20250709-091,鮟鱇鱼干,front,20250709-091_正面图片_0.png
20250709-091,鮟鱇鱼干,back,20250709-091_背面图片_0.png
20250709-091,鮟鱇鱼干,label,20250709-091_标签照片_0.png
20250709-092,鳕鱼干香辣味,front,20250709-092_正面图片_0.png
20250709-092,鳕鱼干香辣味,back,20250709-092_背面图片_0.png
20250709-092,鳕鱼干香辣味,label,20250709-092_标签照片_0.png
20250709-093,佳果源100%NFC黑钻凤梨汁,front,20250709-093_正面图片_0.png
20250709-093,佳果源100%NFC黑钻凤梨汁,label,20250709-093_标签照片_0.png
20250709-093,佳果源100%NFC黑钻凤梨汁,package,20250709-093_外包装图片_0.png
20250709-094,红心火龙果干,front,20250709-094_正面图片_0.png
20250709-094,红心火龙果干,label,20250709-094_标签照片_0.png
20250709-095,鲜萃冻干榛果,front,20250709-095_正面图片_0.png
20250709-095,鲜萃冻干榛果,label,20250709-095_标签照片_0.png
20250709-096,绿盛麻辣牛肉,front,20250709-096_正面图片_0.png
20250709-096,绿盛麻辣牛肉,label,20250709-096_标签照片_0.png
20250709-097,绿盛牛肉干,front,20250709-097_正面图片_0.png
20250709-097,绿盛牛肉干,back,20250709-097_背面图片_0.png
20250709-097,绿盛牛肉干,label,20250709-097_标签照片_0.png
20250709-098,养生堂白桦树汁,front,20250709-098_正面图片_0.png
20250709-098,养生堂白桦树汁,back,20250709-098_背面图片_0.png
20250709-098,养生堂白桦树汁,label,20250709-098_标签照片_0.png
20250709-098,养生堂白桦树汁,package,20250709-098_外包装图片_0.png
20250709-099,松茸酥心葵花籽仁,front,20250709-099_正面图片_0.png
20250709-099,松茸酥心葵花籽仁,label,20250709-099_标签照片_0.png
20250709-100,家乐麻辣海鲜捞汁调味料,front,20250709-100_正面图片_0.png
20250709-101,绿盛秘芝牛肉,front,20250709-101_正面图片_0.png
20250709-101,绿盛秘芝牛肉,back,20250709-101_背面图片_0.png
20250709-101,绿盛秘芝牛肉,label,20250709-101_标签照片_0.png
20250709-102,坚果什锦脆（什锦果仁）,front,20250709-102_正面图片_0.png
20250709-102,坚果什锦脆（什锦果仁）,label,20250709-102_标签照片_0.png
20250709-103,煌记榛子花生酱夹心薄饼干,front,20250709-103_正面图片_0.png
20250709-103,煌记榛子花生酱夹心薄饼干,label,20250709-103_标签照片_0.png
20250709-104,荷美尔轻享薄切牛肉干,front,20250709-104_正面图片_0.png
20250709-104,荷美尔轻享薄切牛肉干,back,20250709-104_背面图片_0.png
20250709-104,荷美尔轻享薄切牛肉干,label,20250709-104_标签照片_0.png
20250709-105,好丽友好多鱼,front,20250709-105_正面图片_0.png
20250709-106,格力高百醇,front,20250709-106_正面图片_0.png
20250709-107,乐天夹心饼干,front,20250709-107_正面图片_0.png
20250709-107,乐天夹心饼干,label,20250709-107_标签照片_0.png
20250709-108,喜茶羽衣甘蓝青瓜复合果蔬汁饮料,front,20250709-108_正面图片_0.png
20250709-108,喜茶羽衣甘蓝青瓜复合果蔬汁饮料,back,20250709-108_背面图片_0.png
20250709-108,喜茶羽衣甘蓝青瓜复合果蔬汁饮料,label,20250709-108_标签照片_0.png
20250709-108,喜茶羽衣甘蓝青瓜复合果蔬汁饮料,package,20250709-108_外包装图片_0.png
20250709-109,意式风味混合坚果（熟制坚果与籽类食品）,front,20250709-109_正面图片_0.png
20250709-109,意式风味混合坚果（熟制坚果与籽类食品）,back,20250709-109_背面图片_0.png
20250709-109,意式风味混合坚果（熟制坚果与籽类食品）,label,20250709-109_标签照片_0.png
20250709-109,意式风味混合坚果（熟制坚果与籽类食品）,package,20250709-109_外包装图片_0.png
20250709-110,奥利奥缤纷口味礼盒,front,20250709-110_正面图片_0.png
20250709-110,奥利奥缤纷口味礼盒,back,20250709-110_背面图片_0.png
20250709-110,奥利奥缤纷口味礼盒,label,20250709-110_标签照片_0.png
20250709-111,太丰卤牛肉干,front,20250709-111_正面图片_0.png
20250709-111,太丰卤牛肉干,label,20250709-111_标签照片_0.png
20250709-112,百草味安格斯牛排脆,front,20250709-112_正面图片_0.png
20250709-112,百草味安格斯牛排脆,back,20250709-112_背面图片_0.png
20250709-112,百草味安格斯牛排脆,label,20250709-112_标签照片_0.png
20250709-113,高膳食纤维山楂棒,front,20250709-113_正面图片_0.png
20250709-113,高膳食纤维山楂棒,label,20250709-113_标签照片_0.png
20250709-114,奥利奥原味夹心饼干,front,20250709-114_正面图片_0.png
20250709-114,奥利奥原味夹心饼干,back,20250709-114_背面图片_0.png
20250709-114,奥利奥原味夹心饼干,label,20250709-114_标签照片_0.png
20250709-114,奥利奥原味夹心饼干,package,20250709-114_外包装图片_0.png
20250709-115,智利无核西梅干,front,20250709-115_正面图片_0.png
20250709-115,智利无核西梅干,label,20250709-115_标签照片_0.png
20250709-116,母亲牛肉棒,front,20250709-116_正面图片_0.png
20250709-116,母亲牛肉棒,back,20250709-116_背面图片_0.png
20250709-116,母亲牛肉棒,label,20250709-116_标签照片_0.png
20250709-118,奥利奥双口味夹心饼干,front,20250709-118_正面图片_0.png
20250709-118,奥利奥双口味夹心饼干,label,20250709-118_标签照片_0.png
20250709-119,精制地瓜棒,front,20250709-119_正面图片_0.png
20250709-119,精制地瓜棒,back,20250709-119_背面图片_0.png
20250709-119,精制地瓜棒,label,20250709-119_标签照片_0.png
20250709-120,母亲牛肉棒,front,20250709-120_正面图片_0.png
20250709-120,母亲牛肉棒,back,20250709-120_背面图片_0.png
20250709-120,母亲牛肉棒,label,20250709-120_标签照片_0.png
20250709-121,张飞灯影牛肉丝,front,20250709-121_正面图片_0.png
20250709-122,家乐白灼汁复合调味料,front,20250709-122_正面图片_0.png
20250709-122,家乐白灼汁复合调味料,label,20250709-122_标签照片_0.png
20250709-123,每日坚果（坚果+果干）,front,20250709-123_正面图片_0.png
20250709-123,每日坚果（坚果+果干）,back,20250709-123_背面图片_0.png
20250709-123,每日坚果（坚果+果干）,label,20250709-123_标签照片_0.png
20250709-124,张飞灯影牛肉丝,front,20250709-124_正面图片_0.png
20250709-125,VC多酚山楂条,front,20250709-125_正面图片_0.png
20250709-125,VC多酚山楂条,label,20250709-125_标签照片_0.png
20250709-126,有机果汁蓝莓干,front,20250709-126_正面图片_0.png
20250709-126,有机果汁蓝莓干,back,20250709-126_背面图片_0.png
20250709-126,有机果汁蓝莓干,label,20250709-126_标签照片_0.png
20250709-127,红瑶地瓜棒,front,20250709-127_正面图片_0.png
20250709-127,红瑶地瓜棒,back,20250709-127_背面图片_0.png
20250709-127,红瑶地瓜棒,label,20250709-127_标签照片_0.png
20250709-128,Member's Mark芥末味夏威夷果仁,front,20250709-128_正面图片_0.png
20250709-128,Member's Mark芥末味夏威夷果仁,back,20250709-128_背面图片_0.png
20250709-128,Member's Mark芥末味夏威夷果仁,label,20250709-128_标签照片_0.png
20250709-129,Member's Mark盐焗开心果,front,20250709-129_正面图片_0.png
20250709-129,Member's Mark盐焗开心果,label,20250709-129_标签照片_0.png
20250709-130,都乐一颗小橘干,front,20250709-130_正面图片_0.png
20250709-130,都乐一颗小橘干,label,20250709-130_标签照片_0.png
20250709-131,苹果黄芪饮,front,20250709-131_正面图片_0.png
20250709-131,苹果黄芪饮,back,20250709-131_背面图片_0.png
20250709-131,苹果黄芪饮,label,20250709-131_标签照片_0.png
20250709-131,苹果黄芪饮,package,20250709-131_外包装图片_0.png
20250709-132,有机咸香花生仁,front,20250709-132_正面图片_0.png
20250709-132,有机咸香花生仁,back,20250709-132_背面图片_0.png
20250709-132,有机咸香花生仁,label,20250709-132_标签照片_0.png
20250709-133,葵珍原味大瓜子,front,20250709-133_正面图片_0.png
20250709-133,葵珍原味大瓜子,back,20250709-133_背面图片_0.png
20250709-133,葵珍原味大瓜子,label,20250709-133_标签照片_0.png
20250709-134,Member's Mark 苹果汁,front,20250709-134_正面图片_0.png
20250709-134,Member's Mark 苹果汁,label,20250709-134_标签照片_0.png
20250709-134,Member's Mark 苹果汁,package,20250709-134_外包装图片_0.png
20250709-135,Member's Mark盐焗腰果仁,front,20250709-135_正面图片_0.png
20250709-135,Member's Mark盐焗腰果仁,back,20250709-135_背面图片_0.png
20250709-135,Member's Mark盐焗腰果仁,label,20250709-135_标签照片_0.png
20250709-136,杭派碧根果仁,front,20250709-136_正面图片_0.png
20250709-136,杭派碧根果仁,label,20250709-136_标签照片_0.png
20250709-137,克恩兹原味木薯片,front,20250709-137_正面图片_0.png
20250709-137,克恩兹原味木薯片,label,20250709-137_标签照片_0.png
20250709-138,松茸有机鱼皮花生（裹衣花生）,front,20250709-138_正面图片_0.png
20250709-138,松茸有机鱼皮花生（裹衣花生）,back,20250709-138_背面图片_0.png
20250709-138,松茸有机鱼皮花生（裹衣花生）,label,20250709-138_标签照片_0.png
20250709-139,都乐土耳其杏干,front,20250709-139_正面图片_0.png
20250709-139,都乐土耳其杏干,label,20250709-139_标签照片_0.png
20250709-140,雪梨枇杷露,front,20250709-140_正面图片_0.png
20250709-142,克恩兹烧烤味木薯片,label,20250709-142_标签照片_0.png
20250709-143,有机板栗仁,front,20250709-143_正面图片_0.png
20250709-143,有机板栗仁,back,20250709-143_背面图片_0.png
20250709-143,有机板栗仁,label,20250709-143_标签照片_0.png
20250709-144,臻香脆混合果仁（轻海盐口味）,front,20250709-144_正面图片_0.png
20250709-144,臻香脆混合果仁（轻海盐口味）,label,20250709-144_标签照片_0.png
20250710-117,母亲牛肉棒,front,20250710-117_正面图片_0.png
20250710-117,母亲牛肉棒,back,20250710-117_背面图片_0.png
20250710-145,华味享烧烤味牛板筋,front,20250710-145_正面图片_0.png
20250710-145,华味享烧烤味牛板筋,back,20250710-145_背面图片_0.png
20250710-145,华味享烧烤味牛板筋,label,20250710-145_标签照片_0.png
20250710-146,奥利奥经典原味夹心饼干,front,20250710-146_正面图片_0.png
20250710-146,奥利奥经典原味夹心饼干,back,20250710-146_背面图片_0.png
20250710-147,必思可牛奶味益生菌夹心饼干,front,20250710-147_正面图片_0.png
20250710-147,必思可牛奶味益生菌夹心饼干,back,20250710-147_背面图片_0.png
20250710-147,必思可牛奶味益生菌夹心饼干,label,20250710-147_标签照片_0.png
20250710-148,小辣椒牛肉干（沙嗲味）,front,20250710-148_正面图片_0.png
20250710-148,小辣椒牛肉干（沙嗲味）,back,20250710-148_背面图片_0.png
20250710-149,雀巢美禄运动力量饼干,front,20250710-149_正面图片_0.png
20250710-149,雀巢美禄运动力量饼干,back,20250710-149_背面图片_0.png
20250710-149,雀巢美禄运动力量饼干,label,20250710-149_标签照片_0.png
20250710-150,雀巢美禄运动力量饼干,front,20250710-150_正面图片_0.png
20250710-150,雀巢美禄运动力量饼干,back,20250710-150_背面图片_0.png
20250710-150,雀巢美禄运动力量饼干,label,20250710-150_标签照片_0.png
20250710-151,母亲原切牛肉片,front,20250710-151_正面图片_0.png
20250710-151,母亲原切牛肉片,back,20250710-151_背面图片_0.png
20250710-152,母亲原切牛肉片,front,20250710-152_正面图片_0.png
20250710-152,母亲原切牛肉片,back,20250710-152_背面图片_0.png
20250710-153,康师傅3+2苏打夹心饼干（柠檬味）,front,20250710-153_正面图片_0.png
20250710-153,康师傅3+2苏打夹心饼干（柠檬味）,back,20250710-153_背面图片_0.png
20250710-153,康师傅3+2苏打夹心饼干（柠檬味）,label,20250710-153_标签照片_0.png
20250710-154,悠之优味牛古板牛蹄筋,front,20250710-154_正面图片_0.png
20250710-154,悠之优味牛古板牛蹄筋,back,20250710-154_背面图片_0.png
20250710-154,悠之优味牛古板牛蹄筋,label,20250710-154_标签照片_0.png
20250710-155,康师傅3+2苏打夹心饼干（奶油味）,front,20250710-155_正面图片_0.png
20250710-155,康师傅3+2苏打夹心饼干（奶油味）,back,20250710-155_背面图片_0.png
20250710-155,康师傅3+2苏打夹心饼干（奶油味）,label,20250710-155_标签照片_0.png
20250710-156,奥利奥薄脆香草奥碎味,front,20250710-156_正面图片_0.png
20250710-156,奥利奥薄脆香草奥碎味,label,20250710-156_标签照片_0.png
20250710-157,奥利奥迷你榛子巧克力味夹心饼干,front,20250710-157_正面图片_0.png
20250710-157,奥利奥迷你榛子巧克力味夹心饼干,label,20250710-157_标签照片_0.png
20250710-158,自然派蜜汁味牛肉脯,front,20250710-158_正面图片_0.png
20250710-158,自然派蜜汁味牛肉脯,back,20250710-158_背面图片_0.png
20250710-159,三只松鼠麻辣牛肉,front,20250710-159_正面图片_0.png
20250710-159,三只松鼠麻辣牛肉,back,20250710-159_背面图片_0.png
20250710-160,茱蒂丝花生酱夹心饼干,front,20250710-160_正面图片_0.png
20250710-160,茱蒂丝花生酱夹心饼干,back,20250710-160_背面图片_0.png
20250710-161,小辣椒牛肉干,front,20250710-161_正面图片_0.png
20250710-161,小辣椒牛肉干,back,20250710-161_背面图片_0.png
20250710-162,小辣椒牛肉干,front,20250710-162_正面图片_0.png
20250710-162,小辣椒牛肉干,back,20250710-162_背面图片_0.png
20250710-163,老四川牛肉粒,front,20250710-163_正面图片_0.png
20250710-163,老四川牛肉粒,back,20250710-163_背面图片_0.png
20250710-163,老四川牛肉粒,label,20250710-163_标签照片_0.png
20250710-164,悠之优味牛古板牛肚,front,20250710-164_正面图片_0.png
20250710-164,悠之优味牛古板牛肚,back,20250710-164_背面图片_0.png
20250710-166,乐之夹心可酥饼缤纷口味分享装,front,20250710-166_正面图片_0.png
20250710-168,格力高必思可益生菌夹心饼干,front,20250710-168_正面图片_0.png
20250710-168,格力高必思可益生菌夹心饼干,back,20250710-168_背面图片_0.png
20250710-169,朱古力牛奶饮品,front,20250710-169_正面图片_0.png
20250710-169,朱古力牛奶饮品,label,20250710-169_标签照片_0.png
20250710-169,朱古力牛奶饮品,package,20250710-169_外包装图片_0.png
20250710-170,奥利奥夹心饼干,front,20250710-170_正面图片_0.png
20250710-170,奥利奥夹心饼干,label,20250710-170_标签照片_0.png
20250710-171,康师傅3+2苏打夹心饼干,front,20250710-171_正面图片_0.png
20250710-171,康师傅3+2苏打夹心饼干,back,20250710-171_背面图片_0.png
20250710-173,奥利奥夹心饼干,front,20250710-173_正面图片_0.png
20250710-173,奥利奥夹心饼干,label,20250710-173_标签照片_0.png
20250710-174,奥利奥薄脆夹心饼干,front,20250710-174_正面图片_0.png
20250710-174,奥利奥薄脆夹心饼干,label,20250710-174_标签照片_0.png
20250710-175,康师傅3+2苏打夹心饼干,front,20250710-175_正面图片_0.png
20250710-175,康师傅3+2苏打夹心饼干,back,20250710-175_背面图片_0.png
20250710-176,可其三阳肉脯,front,20250710-176_正面图片_0.png
20250710-176,可其三阳肉脯,back,20250710-176_背面图片_0.png
20250710-177,多肉爆汁柚子 复合果汁饮品,front,20250710-177_正面图片_0.png
20250710-177,多肉爆汁柚子 复合果汁饮品,back,20250710-177_背面图片_0.png
20250710-177,多肉爆汁柚子 复合果汁饮品,label,20250710-177_标签照片_0.png
20250710-177,多肉爆汁柚子 复合果汁饮品,package,20250710-177_外包装图片_0.png
20250710-178,可其三阳肉脯,front,20250710-178_正面图片_0.png
20250710-178,可其三阳肉脯,back,20250710-178_背面图片_0.png
20250710-179,有友山椒猪皮晶,front,20250710-179_正面图片_0.png
20250710-179,有友山椒猪皮晶,back,20250710-179_背面图片_0.png
20250710-180,爱时乐夹心棒,front,20250710-180_正面图片_0.png
20250710-180,爱时乐夹心棒,label,20250710-180_标签照片_0.png
20250710-181,爱时乐夹心棒,front,20250710-181_正面图片_0.png
20250710-181,爱时乐夹心棒,label,20250710-181_标签照片_0.png
20250710-182,马奇新新力士岩盐夹心饼干,front,20250710-182_正面图片_0.png
20250710-182,马奇新新力士岩盐夹心饼干,back,20250710-182_背面图片_0.png
20250710-183,马奇新新力士岩盐夹心饼干,front,20250710-183_正面图片_0.png
20250710-183,马奇新新力士岩盐夹心饼干,back,20250710-183_背面图片_0.png
20250710-184,百草味川香猪肉片,front,20250710-184_正面图片_0.png
20250710-184,百草味川香猪肉片,back,20250710-184_背面图片_0.png
20250710-185,茱蒂丝雷蒙德柠檬夹心饼干,front,20250710-185_正面图片_0.png
20250710-185,茱蒂丝雷蒙德柠檬夹心饼干,back,20250710-185_背面图片_0.png
20250710-186,巷仔边香脆猪肉脯,front,20250710-186_正面图片_0.png
20250710-186,巷仔边香脆猪肉脯,label,20250710-186_标签照片_0.png
20250710-187,100%NFC橙汁,front,20250710-187_正面图片_0.png
20250710-187,100%NFC橙汁,label,20250710-187_标签照片_0.png
20250710-187,100%NFC橙汁,package,20250710-187_外包装图片_0.png
20250710-188,立丰猪肉脯,front,20250710-188_正面图片_0.png
20250710-188,立丰猪肉脯,back,20250710-188_背面图片_0.png
20250710-188,立丰猪肉脯,label,20250710-188_标签照片_0.png
20250710-189,奥利奥红颜丹香夹心饼干,front,20250710-189_正面图片_0.png
20250710-189,奥利奥红颜丹香夹心饼干,label,20250710-189_标签照片_0.png
20250710-190,茱蒂丝乳酪三明治饼干,front,20250710-190_正面图片_0.png
20250710-190,茱蒂丝乳酪三明治饼干,back,20250710-190_背面图片_0.png
20250710-196,嘉士利果乐果香夹心饼干,front,20250710-196_正面图片_0.png
20250710-196,嘉士利果乐果香夹心饼干,back,20250710-196_背面图片_0.png
20250710-197,嘉士利果乐果香夹心饼干,front,20250710-197_正面图片_0.png
20250710-197,嘉士利果乐果香夹心饼干,back,20250710-197_背面图片_0.png
20250710-198,嘉士利果乐果香夹心饼干,front,20250710-198_正面图片_0.png
20250710-198,嘉士利果乐果香夹心饼干,back,20250710-198_背面图片_0.png
20250710-199,奥利奥巧轻脆0糖薄片饼干,front,20250710-199_正面图片_0.png
20250710-199,奥利奥巧轻脆0糖薄片饼干,back,20250710-199_背面图片_0.png
20250710-199,奥利奥巧轻脆0糖薄片饼干,label,20250710-199_标签照片_0.png
20250710-200,萨啦咪烤肉片,front,20250710-200_正面图片_0.png
20250710-200,萨啦咪烤肉片,back,20250710-200_背面图片_0.png
20250710-201,乐天小熊饼干,front,20250710-201_正面图片_0.png
20250710-201,乐天小熊饼干,label,20250710-201_标签照片_0.png
20250710-202,乐天小熊饼干,front,20250710-202_正面图片_0.png
20250710-202,乐天小熊饼干,label,20250710-202_标签照片_0.png
20250710-203,康师傅甜酥夹心饼干,front,20250710-203_正面图片_0.png
20250710-203,康师傅甜酥夹心饼干,back,20250710-203_背面图片_0.png
20250710-204,飘零大叔猪肉脯,front,20250710-204_正面图片_0.png
20250710-204,飘零大叔猪肉脯,back,20250710-204_背面图片_0.png
20250710-204,飘零大叔猪肉脯,label,20250710-204_标签照片_0.png
20250710-205,荷美尔小烤肉,front,20250710-205_正面图片_0.png
20250710-205,荷美尔小烤肉,back,20250710-205_背面图片_0.png
20250710-205,荷美尔小烤肉,label,20250710-205_标签照片_0.png
20250710-206,信达地道肉肠,front,20250710-206_正面图片_0.png
20250710-206,信达地道肉肠,back,20250710-206_背面图片_0.png
20250710-206,信达地道肉肠,label,20250710-206_标签照片_0.png
20250710-207,阿华田酷脆心情夹心饼干,front,20250710-207_正面图片_0.png
20250710-207,阿华田酷脆心情夹心饼干,back,20250710-207_背面图片_0.png
20250710-207,阿华田酷脆心情夹心饼干,label,20250710-207_标签照片_0.png
20250710-208,阿华田酷脆心情夹心饼干,front,20250710-208_正面图片_0.png
20250710-208,阿华田酷脆心情夹心饼干,back,20250710-208_背面图片_0.png
20250710-208,阿华田酷脆心情夹心饼干,label,20250710-208_标签照片_0.png
20250710-209,坚果乳植物蛋白饮料,front,20250710-209_正面图片_0.png
20250710-209,坚果乳植物蛋白饮料,label,20250710-209_标签照片_0.png
20250710-209,坚果乳植物蛋白饮料,package,20250710-209_外包装图片_0.png
20250710-212,赛味馆夹心饼干,front,20250710-212_正面图片_0.png
20250710-212,赛味馆夹心饼干,back,20250710-212_背面图片_0.png
20250710-213,赛味馆黑糖麦芽饼,front,20250710-213_正面图片_0.png
20250710-213,赛味馆黑糖麦芽饼,back,20250710-213_背面图片_0.png
20250710-213,赛味馆黑糖麦芽饼,label,20250710-213_标签照片_0.png
20250711-050,乐事马铃薯片,front,20250711-050_正面图片_0.png
20250711-051,乐事马铃薯片,back,20250711-051_背面图片_0.png
20250711-051,乐事马铃薯片,label,20250711-051_标签照片_0.png
20250711-214,原切薯条,front,20250711-214_正面图片_0.png
20250711-214,原切薯条,back,20250711-214_背面图片_0.png
20250711-214,原切薯条,label,20250711-214_标签照片_0.png
20250711-215,原切薯条,front,20250711-215_正面图片_0.png
20250711-215,原切薯条,back,20250711-215_背面图片_0.png
20250711-215,原切薯条,label,20250711-215_标签照片_0.png
20250711-216,好吃点香脆杏仁饼,front,20250711-216_正面图片_0.png
20250711-216,好吃点香脆杏仁饼,back,20250711-216_背面图片_0.png
20250711-217,好吃点香脆核桃饼,front,20250711-217_正面图片_0.png
20250711-217,好吃点香脆核桃饼,back,20250711-217_背面图片_0.png
20250711-218,好吃点香脆腰果饼,front,20250711-218_正面图片_0.png
20250711-218,好吃点香脆腰果饼,back,20250711-218_背面图片_0.png
20250711-219,蜂蜜冻干柠檬片,front,20250711-219_正面图片_0.png
20250711-219,蜂蜜冻干柠檬片,back,20250711-219_背面图片_0.png
20250711-219,蜂蜜冻干柠檬片,label,20250711-219_标签照片_0.png
20250711-220,嘉友饼干,front,20250711-220_正面图片_0.png
20250711-221,嘉友饼干,front,20250711-221_正面图片_0.png
20250711-222,祖名江南麻辣味豆干,front,20250711-222_正面图片_0.png
20250711-222,祖名江南麻辣味豆干,back,20250711-222_背面图片_0.png
20250711-222,祖名江南麻辣味豆干,label,20250711-222_标签照片_0.png
20250711-223,新大昌卤汁豆腐干,front,20250711-223_正面图片_0.png
20250711-223,新大昌卤汁豆腐干,back,20250711-223_背面图片_0.png
20250711-223,新大昌卤汁豆腐干,label,20250711-223_标签照片_0.png
20250711-224,可拉奥蔬菜小圆饼,front,20250711-224_正面图片_0.png
20250711-224,可拉奥蔬菜小圆饼,label,20250711-224_标签照片_0.png
20250711-225,嘉士利早餐饼干,front,20250711-225_正面图片_0.png
20250711-225,嘉士利早餐饼干,back,20250711-225_背面图片_0.png
20250711-226,劲仔真有鱼！豆干,front,20250711-226_正面图片_0.png
20250711-227,祖名臭豆腐,front,20250711-227_正面图片_0.png
20250711-227,祖名臭豆腐,back,20250711-227_背面图片_0.png
20250711-228,椰乡春光椰香脆饼,front,20250711-228_正面图片_0.png
20250711-228,椰乡春光椰香脆饼,label,20250711-228_标签照片_0.png
20250711-229,祖名香逗卷,front,20250711-229_正面图片_0.png
20250711-229,祖名香逗卷,back,20250711-229_背面图片_0.png
20250711-230,泰康大牛奶饼干,front,20250711-230_正面图片_0.png
20250711-230,泰康大牛奶饼干,label,20250711-230_标签照片_0.png
20250711-231,津津卤汁豆腐干,front,20250711-231_正面图片_0.png
20250711-231,津津卤汁豆腐干,back,20250711-231_背面图片_0.png
20250711-232,津津卤汁豆腐干,front,20250711-232_正面图片_0.png
20250711-233,好吃点高纤消化饼,front,20250711-233_正面图片_0.png
20250711-233,好吃点高纤消化饼,back,20250711-233_背面图片_0.png
20250711-233,好吃点高纤消化饼,label,20250711-233_标签照片_0.png
20250711-234,馋大嘴巴盐焗素鸡筋,front,20250711-234_正面图片_0.png
20250711-234,馋大嘴巴盐焗素鸡筋,label,20250711-234_标签照片_0.png
20250711-235,米老头蛋黄煎饼,front,20250711-235_正面图片_0.png
20250711-235,米老头蛋黄煎饼,back,20250711-235_背面图片_0.png
20250711-236,米老头蛋黄煎饼,front,20250711-236_正面图片_0.png
20250711-236,米老头蛋黄煎饼,back,20250711-236_背面图片_0.png
20250711-237,一生缘捞汁豆腐,front,20250711-237_正面图片_0.png
20250711-237,一生缘捞汁豆腐,back,20250711-237_背面图片_0.png
20250711-238,和情缤咖时焦糖饼干,front,20250711-238_正面图片_0.png
20250711-238,和情缤咖时焦糖饼干,back,20250711-238_背面图片_0.png
20250711-239,江中红枣当归薄脆饼,front,20250711-239_正面图片_0.png
20250711-239,江中红枣当归薄脆饼,back,20250711-239_背面图片_0.png
20250711-240,江中食疗赤小豆茯苓薄脆饼,front,20250711-240_正面图片_0.png
20250711-240,江中食疗赤小豆茯苓薄脆饼,back,20250711-240_背面图片_0.png
20250711-241,江中杏仁百合薄脆饼,front,20250711-241_正面图片_0.png
20250711-241,江中杏仁百合薄脆饼,back,20250711-241_背面图片_0.png
20250711-242,格力高百醇注心饼干,front,20250711-242_正面图片_0.png
20250711-242,格力高百醇注心饼干,back,20250711-242_背面图片_0.png
20250711-243,格力高百醇注心饼干,front,20250711-243_正面图片_0.png
20250711-243,格力高百醇注心饼干,back,20250711-243_背面图片_0.png
20250711-243,格力高百醇注心饼干,label,20250711-243_标签照片_0.png
20250711-244,格力高百醇注心饼干,front,20250711-244_正面图片_0.png
20250711-244,格力高百醇注心饼干,back,20250711-244_背面图片_0.png
20250711-245,格力高百醇注心饼干,front,20250711-245_正面图片_0.png
20250711-245,格力高百醇注心饼干,back,20250711-245_背面图片_0.png
20250711-246,格力高百醇注心饼干,front,20250711-246_正面图片_0.png
20250711-247,江中猴菇米稀酥性饼干,front,20250711-247_正面图片_0.png
20250711-247,江中猴菇米稀酥性饼干,back,20250711-247_背面图片_0.png
20250711-247,江中猴菇米稀酥性饼干,label,20250711-247_标签照片_0.png
20250711-248,宝乐友牛奶加钙数字饼干,label,20250711-248_标签照片_0.png
20250711-250,莱家粒粒装柠檬饼干,back,20250711-250_背面图片_0.png
20250711-251,闲趣韧性饼干,back,20250711-251_背面图片_0.png
20250711-252,闲趣装饰饼干,front,20250711-252_正面图片_0.png
20250711-252,闲趣装饰饼干,label,20250711-252_标签照片_0.png
20250711-253,有机大粒燕麦片,front,20250711-253_正面图片_0.png
20250711-253,有机大粒燕麦片,back,20250711-253_背面图片_0.png
20250711-253,有机大粒燕麦片,label,20250711-253_标签照片_0.png
20250711-254,白象-多半袋香辣牛肉面,front,20250711-254_正面图片_0.png
20250711-254,白象-多半袋香辣牛肉面,back,20250711-254_背面图片_0.png
20250711-254,白象-多半袋香辣牛肉面,label,20250711-254_标签照片_0.png
20250711-255,白象-多半袋面2代红烧牛肉面,front,20250711-255_正面图片_0.png
20250711-255,白象-多半袋面2代红烧牛肉面,back,20250711-255_背面图片_0.png
20250711-255,白象-多半袋面2代红烧牛肉面,label,20250711-255_标签照片_0.png
20250711-255,白象-多半袋面2代红烧牛肉面,package,20250711-255_外包装图片_0.png
20250711-256,奶皮子老酸奶,front,20250711-256_正面图片_0.png
20250711-256,奶皮子老酸奶,back,20250711-256_背面图片_0.png
20250711-256,奶皮子老酸奶,label,20250711-256_标签照片_0.png
20250711-257,希腊式干噎酸奶,front,20250711-257_正面图片_0.png
20250711-257,希腊式干噎酸奶,back,20250711-257_背面图片_0.png
20250711-257,希腊式干噎酸奶,label,20250711-257_标签照片_0.png
20250711-260,母亲牛肉棒,front,20250711-260_正面图片_0.png
20250711-260,母亲牛肉棒,back,20250711-260_背面图片_0.png
20250711-261,格力高百醇注心饼干,front,20250711-261_正面图片_0.png
20250711-262,格力高百醇注心饼干,front,20250711-262_正面图片_0.png
20250711-262,格力高百醇注心饼干,back,20250711-262_背面图片_0.png
20250711-266,格力高百醇注心饼干,front,20250711-266_正面图片_0.png
20250711-268,白象-经典红烧牛肉面（量贩5包装）,front,20250711-268_正面图片_0.png
20250711-268,白象-经典红烧牛肉面（量贩5包装）,back,20250711-268_背面图片_0.png
20250711-268,白象-经典红烧牛肉面（量贩5包装）,label,20250711-268_标签照片_0.png
20250711-268,白象-经典红烧牛肉面（量贩5包装）,package,20250711-268_外包装图片_0.png
20250711-270,巷仔边香脆猪肉脯,front,20250711-270_正面图片_0.png
20250711-270,巷仔边香脆猪肉脯,label,20250711-270_标签照片_0.png
20250711-271,格力高百醇注心饼干,front,20250711-271_正面图片_0.png
20250711-273,格力高百醇注心饼干,front,20250711-273_正面图片_0.png
20250711-274,格力高百醇注心饼干,front,20250711-274_正面图片_0.png
20250711-275,飘零大叔猪肉脯,front,20250711-275_正面图片_0.png
20250711-275,飘零大叔猪肉脯,back,20250711-275_背面图片_0.png
20250711-275,飘零大叔猪肉脯,label,20250711-275_标签照片_0.png
20250711-276,白象-新经典超大袋红烧牛肉面,front,20250711-276_正面图片_0.png
20250711-276,白象-新经典超大袋红烧牛肉面,back,20250711-276_背面图片_0.png
20250711-276,白象-新经典超大袋红烧牛肉面,label,20250711-276_标签照片_0.png
20250711-276,白象-新经典超大袋红烧牛肉面,package,20250711-276_外包装图片_0.png
20250711-277,蜜桃乌龙啤酒,front,20250711-277_正面图片_0.png
20250711-277,蜜桃乌龙啤酒,back,20250711-277_背面图片_0.png
20250711-277,蜜桃乌龙啤酒,label,20250711-277_标签照片_0.png
20250711-278,津津卤汁豆腐干,front,20250711-278_正面图片_0.png
20250711-279,祖名臭豆腐,front,20250711-279_正面图片_0.png
20250711-279,祖名臭豆腐,back,20250711-279_背面图片_0.png
20250711-280,格力高百醇注心饼干,front,20250711-280_正面图片_0.png
20250711-280,格力高百醇注心饼干,back,20250711-280_背面图片_0.png
20250711-281,毛尖绿茶啤酒,front,20250711-281_正面图片_0.png
20250711-281,毛尖绿茶啤酒,back,20250711-281_背面图片_0.png
20250711-281,毛尖绿茶啤酒,label,20250711-281_标签照片_0.png
20250711-282,劲仔真有鱼！豆干,front,20250711-282_正面图片_0.png
20250711-283,劲仔真有鱼！豆干,front,20250711-283_正面图片_0.png
20250711-284,格力高百醇注心饼干,front,20250711-284_正面图片_0.png
20250711-285,白象-超大袋老坛酸菜牛肉面,front,20250711-285_正面图片_0.png
20250711-285,白象-超大袋老坛酸菜牛肉面,back,20250711-285_背面图片_0.png
20250711-285,白象-超大袋老坛酸菜牛肉面,label,20250711-285_标签照片_0.png
20250711-285,白象-超大袋老坛酸菜牛肉面,package,20250711-285_外包装图片_0.png
20250711-286,乐事马铃薯片,front,20250711-286_正面图片_0.png
20250711-286,乐事马铃薯片,label,20250711-286_标签照片_0.png
20250711-287,乐事马铃薯片,front,20250711-287_正面图片_0.png
20250711-287,乐事马铃薯片,label,20250711-287_标签照片_0.png
20250711-288,乐事马铃薯片,front,20250711-288_正面图片_0.png
20250711-288,乐事马铃薯片,back,20250711-288_背面图片_0.png
20250711-288,乐事马铃薯片,label,20250711-288_标签照片_0.png
20250711-288,乐事马铃薯片,package,20250711-288_外包装图片_0.png
20250711-289,乐事马铃薯片,front,20250711-289_正面图片_0.png
20250711-289,乐事马铃薯片,label,20250711-289_标签照片_0.png
20250711-290,乐事马铃薯片,front,20250711-290_正面图片_0.png
20250711-290,乐事马铃薯片,back,20250711-290_背面图片_0.png
20250711-290,乐事马铃薯片,label,20250711-290_标签照片_0.png
20250711-291,乐事马铃薯片,front,20250711-291_正面图片_0.png
20250711-291,乐事马铃薯片,back,20250711-291_背面图片_0.png
20250711-291,乐事马铃薯片,label,20250711-291_标签照片_0.png
20250711-292,乐事马铃薯片,front,20250711-292_正面图片_0.png
20250711-292,乐事马铃薯片,back,20250711-292_背面图片_0.png
20250711-292,乐事马铃薯片,label,20250711-292_标签照片_0.png
20250711-293,乐事马铃薯片,front,20250711-293_正面图片_0.png
20250711-293,乐事马铃薯片,back,20250711-293_背面图片_0.png
20250711-293,乐事马铃薯片,label,20250711-293_标签照片_0.png
20250711-294,乐事马铃薯片,front,20250711-294_正面图片_0.png
20250711-294,乐事马铃薯片,back,20250711-294_背面图片_0.png
20250711-294,乐事马铃薯片,label,20250711-294_标签照片_0.png
20250711-295,新大昌卤汁豆腐干,front,20250711-295_正面图片_0.png
20250711-295,新大昌卤汁豆腐干,back,20250711-295_背面图片_0.png
20250711-295,新大昌卤汁豆腐干,label,20250711-295_标签照片_0.png
20250711-296,优诺蓝莓希腊酸奶,front,20250711-296_正面图片_0.png
20250711-296,优诺蓝莓希腊酸奶,back,20250711-296_背面图片_0.png
20250711-296,优诺蓝莓希腊酸奶,label,20250711-296_标签照片_0.png
20250711-297,荷美尔小烤肉,front,20250711-297_正面图片_0.png
20250711-297,荷美尔小烤肉,back,20250711-297_背面图片_0.png
20250711-297,荷美尔小烤肉,label,20250711-297_标签照片_0.png
20250711-299,格力高百醇注心饼干,front,20250711-299_正面图片_0.png
20250711-300,智利无核大西梅,front,20250711-300_正面图片_0.png
20250711-300,智利无核大西梅,back,20250711-300_背面图片_0.png
20250711-301,格力高百醇注心饼干,front,20250711-301_正面图片_0.png
20250711-302,格力高百醇注心饼干,front,20250711-302_正面图片_0.png
20250711-303,白象-超大袋香辣牛肉面,front,20250711-303_正面图片_0.png
20250711-303,白象-超大袋香辣牛肉面,back,20250711-303_背面图片_0.png
20250711-303,白象-超大袋香辣牛肉面,package,20250711-303_外包装图片_0.png
20250711-304,格力高百醇注心饼干,front,20250711-304_正面图片_0.png
20250711-305,格力高百醇注心饼干,front,20250711-305_正面图片_0.png
20250711-306,山东红薯粉条,front,20250711-306_正面图片_0.png
20250711-306,山东红薯粉条,back,20250711-306_背面图片_0.png
20250711-307,格力高百醇注心饼干,front,20250711-307_正面图片_0.png
20250711-308,白象-多半袋面2代红烧牛肉面,front,20250711-308_正面图片_0.png
20250711-308,白象-多半袋面2代红烧牛肉面,back,20250711-308_背面图片_0.png
20250711-308,白象-多半袋面2代红烧牛肉面,label,20250711-308_标签照片_0.png
20250711-308,白象-多半袋面2代红烧牛肉面,package,20250711-308_外包装图片_0.png
20250711-309,格力高百醇注心饼干,front,20250711-309_正面图片_0.png
20250711-310,每日鲜语小鲜语4.0低脂鲜牛奶,front,20250711-310_正面图片_0.png
20250711-310,每日鲜语小鲜语4.0低脂鲜牛奶,label,20250711-310_标签照片_0.png
20250711-311,格力高百醇注心饼干,front,20250711-311_正面图片_0.png
20250711-312,冠生园压缩饼干,front,20250711-312_正面图片_0.png
20250711-312,冠生园压缩饼干,back,20250711-312_背面图片_0.png
20250711-313,冠生园压缩饼干,front,20250711-313_正面图片_0.png
20250711-313,冠生园压缩饼干,back,20250711-313_背面图片_0.png
20250711-314,冠生园压缩饼干,front,20250711-314_正面图片_0.png
20250711-314,冠生园压缩饼干,back,20250711-314_背面图片_0.png
20250711-316,认养一头牛纯牛奶,front,20250711-316_正面图片_0.png
20250711-316,认养一头牛纯牛奶,label,20250711-316_标签照片_0.png
20250711-316,认养一头牛纯牛奶,package,20250711-316_外包装图片_0.png
20250711-317,东北寒地大米,front,20250711-317_正面图片_0.png
20250711-317,东北寒地大米,back,20250711-317_背面图片_0.png
20250711-317,东北寒地大米,label,20250711-317_标签照片_0.png
20250711-318,乐事马铃薯片,front,20250711-318_正面图片_0.png
20250711-318,乐事马铃薯片,back,20250711-318_背面图片_0.png
20250711-318,乐事马铃薯片,label,20250711-318_标签照片_0.png
20250711-319,乐事马铃薯片,front,20250711-319_正面图片_0.png
20250711-319,乐事马铃薯片,back,20250711-319_背面图片_0.png
20250711-319,乐事马铃薯片,label,20250711-319_标签照片_0.png
20250711-320,乐事马铃薯片,front,20250711-320_正面图片_0.png
20250711-320,乐事马铃薯片,back,20250711-320_背面图片_0.png
20250711-320,乐事马铃薯片,label,20250711-320_标签照片_0.png
20250711-321,乐事马铃薯片,front,20250711-321_正面图片_0.png
20250711-321,乐事马铃薯片,back,20250711-321_背面图片_0.png
20250711-321,乐事马铃薯片,label,20250711-321_标签照片_0.png
20250711-322,乐事马铃薯片,front,20250711-322_正面图片_0.png
20250711-322,乐事马铃薯片,back,20250711-322_背面图片_0.png
20250711-322,乐事马铃薯片,label,20250711-322_标签照片_0.png
20250711-323,乐事马铃薯片,front,20250711-323_正面图片_0.png
20250711-323,乐事马铃薯片,label,20250711-323_标签照片_0.png
20250711-324,乐事马铃薯片,front,20250711-324_正面图片_0.png
20250711-324,乐事马铃薯片,label,20250711-324_标签照片_0.png
20250711-325,乐事马铃薯片,front,20250711-325_正面图片_0.png
20250711-325,乐事马铃薯片,back,20250711-325_背面图片_0.png
20250711-325,乐事马铃薯片,label,20250711-325_标签照片_0.png
20250711-326,冷泡柠檬脱骨凤爪,front,20250711-326_正面图片_0.png
20250711-326,冷泡柠檬脱骨凤爪,back,20250711-326_背面图片_0.png
20250711-327,白象-汤好喝辣牛肉汤面,front,20250711-327_正面图片_0.png
20250711-327,白象-汤好喝辣牛肉汤面,back,20250711-327_背面图片_0.png
20250711-327,白象-汤好喝辣牛肉汤面,label,20250711-327_标签照片_0.png
20250711-327,白象-汤好喝辣牛肉汤面,package,20250711-327_外包装图片_0.png
20250711-328,乐事马铃薯片,front,20250711-328_正面图片_0.png
20250711-328,乐事马铃薯片,back,20250711-328_背面图片_0.png
20250711-328,乐事马铃薯片,label,20250711-328_标签照片_0.png
20250711-329,乐事马铃薯片,front,20250711-329_正面图片_0.png
20250711-329,乐事马铃薯片,back,20250711-329_背面图片_0.png
20250711-329,乐事马铃薯片,label,20250711-329_标签照片_0.png
20250711-330,格力高百醇注心饼干,front,20250711-330_正面图片_0.png
20250711-330,格力高百醇注心饼干,back,20250711-330_背面图片_0.png
20250711-331,黑金锅巴,front,20250711-331_正面图片_0.png
20250711-331,黑金锅巴,back,20250711-331_背面图片_0.png
20250711-333,格力高百醇注心饼干,front,20250711-333_正面图片_0.png
20250711-333,格力高百醇注心饼干,back,20250711-333_背面图片_0.png
20250711-334,不二情书梅干脆薄饼干,front,20250711-334_正面图片_0.png
20250711-334,不二情书梅干脆薄饼干,label,20250711-334_标签照片_0.png
20250711-335,不二情书梅干脆薄饼干,front,20250711-335_正面图片_0.png
20250711-335,不二情书梅干脆薄饼干,label,20250711-335_标签照片_0.png
20250711-337,白象-大辣娇经典火鸡拌面,front,20250711-337_正面图片_0.png
20250711-337,白象-大辣娇经典火鸡拌面,back,20250711-337_背面图片_0.png
20250711-337,白象-大辣娇经典火鸡拌面,label,20250711-337_标签照片_0.png
20250711-337,白象-大辣娇经典火鸡拌面,package,20250711-337_外包装图片_0.png
20250711-338,低糖椰香坚果脆片,front,20250711-338_正面图片_0.png
20250711-338,低糖椰香坚果脆片,back,20250711-338_背面图片_0.png
20250711-339,格力高百醇注心饼干,front,20250711-339_正面图片_0.png
20250711-340,Aji山药薄脆,front,20250711-340_正面图片_0.png
20250711-340,Aji山药薄脆,label,20250711-340_标签照片_0.png
20250711-341,Aji山药薄脆,front,20250711-341_正面图片_0.png
20250711-341,Aji山药薄脆,label,20250711-341_标签照片_0.png
20250711-342,格力高百醇注心饼干,front,20250711-342_正面图片_0.png
20250711-342,格力高百醇注心饼干,label,20250711-342_标签照片_0.png
20250711-346,芥末味夏威夷果仁,front,20250711-346_正面图片_0.png
20250711-346,芥末味夏威夷果仁,back,20250711-346_背面图片_0.png
20250711-347,格力高百醇注心饼干,front,20250711-347_正面图片_0.png
20250711-347,格力高百醇注心饼干,label,20250711-347_标签照片_0.png
20250711-348,白象-大辣娇小龙虾拌面,front,20250711-348_正面图片_0.png
20250711-348,白象-大辣娇小龙虾拌面,package,20250711-348_外包装图片_0.png
20250711-349,格力高百醇注心饼干,front,20250711-349_正面图片_0.png
20250711-350,格力高百醇注心饼干,front,20250711-350_正面图片_0.png
20250711-351,香卤鸭舌,front,20250711-351_正面图片_0.png
20250711-351,香卤鸭舌,back,20250711-351_背面图片_0.png
20250711-352,白象-珍骨汤原味鸡汤面,front,20250711-352_正面图片_0.png
20250711-352,白象-珍骨汤原味鸡汤面,back,20250711-352_背面图片_0.png
20250711-352,白象-珍骨汤原味鸡汤面,label,20250711-352_标签照片_0.png
20250711-352,白象-珍骨汤原味鸡汤面,package,20250711-352_外包装图片_0.png
20250711-353,太平梳打饼干,front,20250711-353_正面图片_0.png
20250711-353,太平梳打饼干,label,20250711-353_标签照片_0.png
20250711-354,太平梳打饼干,front,20250711-354_正面图片_0.png
20250711-354,太平梳打饼干,label,20250711-354_标签照片_0.png
20250711-355,太平梳打饼干,front,20250711-355_正面图片_0.png
20250711-355,太平梳打饼干,label,20250711-355_标签照片_0.png
20250711-356,太平梳打饼干,front,20250711-356_正面图片_0.png
20250711-356,太平梳打饼干,label,20250711-356_标签照片_0.png
20250711-357,格力高百醇注心饼干,front,20250711-357_正面图片_0.png
20250711-359,乐事大波浪薯片,front,20250711-359_正面图片_0.png
20250711-359,乐事大波浪薯片,back,20250711-359_背面图片_0.png
20250711-359,乐事大波浪薯片,label,20250711-359_标签照片_0.png
20250711-360,乐事大波浪薯片,front,20250711-360_正面图片_0.png
20250711-360,乐事大波浪薯片,back,20250711-360_背面图片_0.png
20250711-360,乐事大波浪薯片,label,20250711-360_标签照片_0.png
20250711-361,乐事大波浪薯片,front,20250711-361_正面图片_0.png
20250711-361,乐事大波浪薯片,back,20250711-361_背面图片_0.png
20250711-361,乐事大波浪薯片,label,20250711-361_标签照片_0.png
20250711-362,乐事大波浪薯片,front,20250711-362_正面图片_0.png
20250711-362,乐事大波浪薯片,back,20250711-362_背面图片_0.png
20250711-362,乐事大波浪薯片,label,20250711-362_标签照片_0.png
20250711-363,乐事大波浪薯片,front,20250711-363_正面图片_0.png
20250711-363,乐事大波浪薯片,back,20250711-363_背面图片_0.png
20250711-363,乐事大波浪薯片,label,20250711-363_标签照片_0.png
20250711-364,乐事大波浪薯片,front,20250711-364_正面图片_0.png
20250711-364,乐事大波浪薯片,back,20250711-364_背面图片_0.png
20250711-364,乐事大波浪薯片,label,20250711-364_标签照片_0.png
20250711-365,低脂高蛋白鸡胸肉肠（海盐黑胡椒）,front,20250711-365_正面图片_0.png
20250711-365,低脂高蛋白鸡胸肉肠（海盐黑胡椒）,back,20250711-365_背面图片_0.png
20250711-365,低脂高蛋白鸡胸肉肠（海盐黑胡椒）,label,20250711-365_标签照片_0.png
20250711-366,白象-多半袋金汤肥牛面,front,20250711-366_正面图片_0.png
20250711-366,白象-多半袋金汤肥牛面,back,20250711-366_背面图片_0.png
20250711-366,白象-多半袋金汤肥牛面,label,20250711-366_标签照片_0.png
20250711-366,白象-多半袋金汤肥牛面,package,20250711-366_外包装图片_0.png
20250711-367,伊利畅轻益生菌风味发酵乳,front,20250711-367_正面图片_0.png
20250711-367,伊利畅轻益生菌风味发酵乳,label,20250711-367_标签照片_0.png
20250711-368,伊利畅轻益生菌风味发酵乳,front,20250711-368_正面图片_0.png
20250711-368,伊利畅轻益生菌风味发酵乳,label,20250711-368_标签照片_0.png
20250711-369,伊利畅轻益生菌风味发酵乳,front,20250711-369_正面图片_0.png
20250711-369,伊利畅轻益生菌风味发酵乳,label,20250711-369_标签照片_0.png
20250711-370,伊利畅轻益生菌风味发酵乳,front,20250711-370_正面图片_0.png
20250711-370,伊利畅轻益生菌风味发酵乳,label,20250711-370_标签照片_0.png
20250711-371,伊利畅轻益生菌风味发酵乳,front,20250711-371_正面图片_0.png
20250711-371,伊利畅轻益生菌风味发酵乳,label,20250711-371_标签照片_0.png
20250711-372,山里红山楂汁,front,20250711-372_正面图片_0.png
20250711-372,山里红山楂汁,back,20250711-372_背面图片_0.png
20250711-372,山里红山楂汁,label,20250711-372_标签照片_0.png
20250711-373,格力高百醇注心饼干,front,20250711-373_正面图片_0.png
20250711-373,格力高百醇注心饼干,label,20250711-373_标签照片_0.png
20250711-374,低糖琥珀核桃仁,front,20250711-374_正面图片_0.png
20250711-374,低糖琥珀核桃仁,back,20250711-374_背面图片_0.png
20250711-375,乐事大波浪薯片,front,20250711-375_正面图片_0.png
20250711-375,乐事大波浪薯片,back,20250711-375_背面图片_0.png
20250711-375,乐事大波浪薯片,label,20250711-375_标签照片_0.png
20250711-376,乐事大波浪薯片,front,20250711-376_正面图片_0.png
20250711-376,乐事大波浪薯片,back,20250711-376_背面图片_0.png
20250711-376,乐事大波浪薯片,label,20250711-376_标签照片_0.png
20250711-377,乐事大波浪薯片,label,20250711-377_标签照片_0.png
20250711-378,乐事大波浪薯片,front,20250711-378_正面图片_0.png
20250711-378,乐事大波浪薯片,label,20250711-378_标签照片_0.png
20250711-379,乐事大波浪薯片,back,20250711-379_背面图片_0.png
20250711-380,乐事大波浪薯片,front,20250711-380_正面图片_0.png
20250711-380,乐事大波浪薯片,back,20250711-380_背面图片_0.png
20250711-380,乐事大波浪薯片,label,20250711-380_标签照片_0.png
20250711-381,乐事大波浪薯片,front,20250711-381_正面图片_0.png
20250711-381,乐事大波浪薯片,back,20250711-381_背面图片_0.png
20250711-381,乐事大波浪薯片,label,20250711-381_标签照片_0.png
20250711-382,伊利高钙鲜牛奶巴氏杀菌乳,front,20250711-382_正面图片_0.png
20250711-382,伊利高钙鲜牛奶巴氏杀菌乳,back,20250711-382_背面图片_0.png
20250711-382,伊利高钙鲜牛奶巴氏杀菌乳,label,20250711-382_标签照片_0.png
20250711-383,黑松露火腿苏打饼干,front,20250711-383_正面图片_0.png
20250711-383,黑松露火腿苏打饼干,back,20250711-383_背面图片_0.png
20250711-384,香卤鸭脖,front,20250711-384_正面图片_0.png
20250711-384,香卤鸭脖,back,20250711-384_背面图片_0.png
20250711-385,伊利每益添活菌型乳酸菌,front,20250711-385_正面图片_0.png
20250711-385,伊利每益添活菌型乳酸菌,back,20250711-385_背面图片_0.png
20250711-385,伊利每益添活菌型乳酸菌,label,20250711-385_标签照片_0.png
20250711-386,趣多多软曲奇饼干,front,20250711-386_正面图片_0.png
20250711-386,趣多多软曲奇饼干,label,20250711-386_标签照片_0.png
20250711-387,碧根果仁,front,20250711-387_正面图片_0.png
20250711-387,碧根果仁,back,20250711-387_背面图片_0.png